<ImportExportXml xmlns:xsi="http://www.w3.org/2001/XMLSchema-instance">
  <Entities></Entities>
  <Roles></Roles>
  <Workflows>
    <Workflow WorkflowId="{deb53453-97a9-ec11-b3fe-001dd80306c0}" Name="Check_URL">
      <JsonFileName>/Workflows/Check_URL-DEB53453-97A9-EC11-B3FE-001DD80306C0.json</JsonFileName>
      <Type>1</Type>
      <Subprocess>0</Subprocess>
      <Category>5</Category>
      <Mode>0</Mode>
      <Scope>4</Scope>
      <OnDemand>0</OnDemand>
      <TriggerOnCreate>0</TriggerOnCreate>
      <TriggerOnDelete>0</TriggerOnDelete>
      <AsyncAutodelete>0</AsyncAutodelete>
      <SyncWorkflowLogOnFailure>0</SyncWorkflowLogOnFailure>
      <StateCode>1</StateCode>
      <StatusCode>2</StatusCode>
      <RunAs>1</RunAs>
      <IsTransacted>1</IsTransacted>
      <IntroducedVersion>1.0.0.0</IntroducedVersion>
      <IsCustomizable>1</IsCustomizable>
      <BusinessProcessType>0</BusinessProcessType>
      <IsCustomProcessingStepAllowedForOtherPublishers>1</IsCustomProcessingStepAllowedForOtherPublishers>
      <PrimaryEntity>none</PrimaryEntity>
      <LocalizedNames>
        <LocalizedName languagecode="1033" description="Check_URL" />
      </LocalizedNames>
    </Workflow>
    <Workflow WorkflowId="{5fbbf274-09aa-ec11-b3fe-001dd8030b93}" Name="Provision Resources">
      <JsonFileName>/Workflows/ProvisionResources-5FBBF274-09AA-EC11-B3FE-001DD8030B93.json</JsonFileName>
      <Type>1</Type>
      <Subprocess>0</Subprocess>
      <Category>5</Category>
      <Mode>0</Mode>
      <Scope>4</Scope>
      <OnDemand>0</OnDemand>
      <TriggerOnCreate>0</TriggerOnCreate>
      <TriggerOnDelete>0</TriggerOnDelete>
      <AsyncAutodelete>0</AsyncAutodelete>
      <SyncWorkflowLogOnFailure>0</SyncWorkflowLogOnFailure>
      <StateCode>1</StateCode>
      <StatusCode>2</StatusCode>
      <RunAs>1</RunAs>
      <IsTransacted>1</IsTransacted>
      <IntroducedVersion>1.0.0.0</IntroducedVersion>
      <IsCustomizable>1</IsCustomizable>
      <BusinessProcessType>0</BusinessProcessType>
      <IsCustomProcessingStepAllowedForOtherPublishers>1</IsCustomProcessingStepAllowedForOtherPublishers>
      <PrimaryEntity>none</PrimaryEntity>
      <LocalizedNames>
        <LocalizedName languagecode="1033" description="Provision Resources" />
      </LocalizedNames>
    </Workflow>
    <Workflow WorkflowId="{80418148-c9aa-ec11-b3fe-001dd8030b93}" Name="CreateOffice365ManList">
      <JsonFileName>/Workflows/CreateOffice365ManList-80418148-C9AA-EC11-B3FE-001DD8030B93.json</JsonFileName>
      <Type>1</Type>
      <Subprocess>0</Subprocess>
      <Category>5</Category>
      <Mode>0</Mode>
      <Scope>4</Scope>
      <OnDemand>0</OnDemand>
      <TriggerOnCreate>0</TriggerOnCreate>
      <TriggerOnDelete>0</TriggerOnDelete>
      <AsyncAutodelete>0</AsyncAutodelete>
      <SyncWorkflowLogOnFailure>0</SyncWorkflowLogOnFailure>
      <StateCode>1</StateCode>
      <StatusCode>2</StatusCode>
      <RunAs>1</RunAs>
      <IsTransacted>1</IsTransacted>
      <IntroducedVersion>1.0.0.0</IntroducedVersion>
      <IsCustomizable>1</IsCustomizable>
      <BusinessProcessType>0</BusinessProcessType>
      <IsCustomProcessingStepAllowedForOtherPublishers>1</IsCustomProcessingStepAllowedForOtherPublishers>
      <PrimaryEntity>none</PrimaryEntity>
      <LocalizedNames>
        <LocalizedName languagecode="1033" description="CreateOffice365ManList" />
      </LocalizedNames>
    </Workflow>
    <Workflow WorkflowId="{2a4d62e6-cbaa-ec11-b3fe-001dd8030b93}" Name="CreateAgencyList">
      <JsonFileName>/Workflows/CreateAgencyList-2A4D62E6-CBAA-EC11-B3FE-001DD8030B93.json</JsonFileName>
      <Type>1</Type>
      <Subprocess>0</Subprocess>
      <Category>5</Category>
      <Mode>0</Mode>
      <Scope>4</Scope>
      <OnDemand>0</OnDemand>
      <TriggerOnCreate>0</TriggerOnCreate>
      <TriggerOnDelete>0</TriggerOnDelete>
      <AsyncAutodelete>0</AsyncAutodelete>
      <SyncWorkflowLogOnFailure>0</SyncWorkflowLogOnFailure>
      <StateCode>1</StateCode>
      <StatusCode>2</StatusCode>
      <RunAs>1</RunAs>
      <IsTransacted>1</IsTransacted>
      <IntroducedVersion>1.0.0.0</IntroducedVersion>
      <IsCustomizable>1</IsCustomizable>
      <BusinessProcessType>0</BusinessProcessType>
      <IsCustomProcessingStepAllowedForOtherPublishers>1</IsCustomProcessingStepAllowedForOtherPublishers>
      <PrimaryEntity>none</PrimaryEntity>
      <LocalizedNames>
        <LocalizedName languagecode="1033" description="CreateAgencyList" />
      </LocalizedNames>
    </Workflow>
  </Workflows>
  <FieldSecurityProfiles></FieldSecurityProfiles>
  <Templates />
  <EntityMaps />
  <EntityRelationships />
  <OrganizationSettings />
  <optionsets />
  <CustomControls />
  <EntityDataProviders />
  <CanvasApps>
    <CanvasApp>
      <Name>cr3f6_office365provisioningappv3_d1ef2</Name>
      <AppVersion>2022-03-22T23:14:34Z</AppVersion>
      <Status>Ready</Status>
      <CreatedByClientVersion>3.22022.31.0</CreatedByClientVersion>
      <MinClientVersion>3.22022.31.0</MinClientVersion>
      <Tags>{"primaryDeviceWidth":"1366","primaryDeviceHeight":"768","sienaVersion":"0e3904b6-cbd1-4028-9696-21b0bb6feca6","deviceCapabilities":"","supportsPortrait":"true","supportsLandscape":"true","primaryFormFactor":"Tablet","publisherVersion":"3.22022.31","minimumRequiredApiVersion":"2.2.0","hasComponent":"true","hasUnlockedComponent":"false","isUnifiedRootApp":"false"}</Tags>
      <IsCdsUpgraded>0</IsCdsUpgraded>
      <GalleryItemId xsi:nil="true"></GalleryItemId>
      <BackgroundColor>RGBA(0,176,240,1)</BackgroundColor>
      <DisplayName>Office365 Provisioning Appv3</DisplayName>
      <Description>Power App to Provision MS Teams, SPO Comm Sites, Team Sites, and Teams NoGroup Site.</Description>
      <CommitMessage xsi:nil="true"></CommitMessage>
      <Publisher xsi:nil="true"></Publisher>
      <AuthorizationReferences>[]</AuthorizationReferences>
      <ConnectionReferences>{"385e100e-4889-471e-b5d4-dc79c0aafe55":{"id":"/providers/microsoft.powerapps/apis/shared_sharepointonline","displayName":"SharePoint","iconUri":"https://connectoricons-prod.azureedge.net/releases/v1.0.1559/1.0.1559.2723/sharepointonline/icon.png","dataSources":["Power App Control","AgencyData"],"dependencies":[],"dependents":["d7de7efc-721a-45ae-a1c6-5d2befc66783"],"parameterHints":{},"parameterHintsV2":{},"isOnPremiseConnection":false,"bypassConsent":false,"dataSets":{"https://gov210645.sharepoint.com/sites/PowerAppControlCenter":{"dataSources":{"Power App Control":{"tableName":"1ea84bd8-a6dc-4564-aa8f-160326a41c05"}}},"https://gov210645.sharepoint.com/sites/TeamsCreationAppDemo":{"dataSources":{"AgencyData":{"tableName":"23e19e55-eea1-448d-a740-52104c7cfb1f"}}}},"apiTier":"Standard","actions":["providers/PowerPlatform.Governance/Operations/Read","providers/PowerPlatform.Governance/Operations/Write"]},"46e6a604-dcdd-4c5b-8a8a-f2ef3d902672":{"id":"/providers/microsoft.powerapps/apis/shared_sharepointonline","displayName":"SharePoint","iconUri":"https://connectoricons-prod.azureedge.net/releases/v1.0.1559/1.0.1559.2723/sharepointonline/icon.png","dataSources":["Office365ManagementApp"],"dependencies":[],"dependents":[],"parameterHints":{},"parameterHintsV2":{},"isOnPremiseConnection":false,"bypassConsent":false,"dataSets":{"https://gov210645.sharepoint.com/sites/TeamsCreationAppDemo":{"dataSources":{"Office365ManagementApp":{"tableName":"5e5576e7-b94b-469f-a1f5-afaf843225de"}}}},"apiTier":"Standard","actions":["providers/PowerPlatform.Governance/Operations/Read","providers/PowerPlatform.Governance/Operations/Write"]},"c4da2a3a-68e5-459a-b279-2634eb4466bc":{"id":"/providers/microsoft.powerapps/apis/shared_office365users","displayName":"Office 365 Users","iconUri":"https://connectoricons-prod.azureedge.net/releases/v1.0.1559/1.0.1559.2723/office365users/icon.png","dataSources":["Office365Users"],"dependencies":[],"dependents":[],"parameterHints":{},"parameterHintsV2":{},"isOnPremiseConnection":false,"bypassConsent":false,"dataSets":{},"apiTier":"Standard","actions":["SearchUser"]},"d7de7efc-721a-45ae-a1c6-5d2befc66783":{"id":"/providers/microsoft.powerapps/apis/shared_logicflows","displayName":"Logic flows","iconUri":"https://connectoricons-prod.azureedge.net/releases/v1.0.1534/1.0.1534.2605/logicflows/icon.png","dataSources":["Check_URL"],"dependencies":["385e100e-4889-471e-b5d4-dc79c0aafe55"],"dependents":[],"parameterHints":{"workflowName":{"value":"58980414-7b04-4fbe-802d-57b6c6e78654"},"workflowEntityId":{"value":"deb53453-97a9-ec11-b3fe-001dd80306c0"},"385e100e-4889-471e-b5d4-dc79c0aafe55":{"value":"shared_sharepointonline"}},"parameterHintsV2":{"workflowName":{"value":"58980414-7b04-4fbe-802d-57b6c6e78654"},"workflowEntityId":{"value":"deb53453-97a9-ec11-b3fe-001dd80306c0"},"shared_sharepointonline":{"value":"385e100e-4889-471e-b5d4-dc79c0aafe55"}},"isOnPremiseConnection":false,"bypassConsent":false,"dataSets":{},"apiTier":"Standard","actions":["Run"]}}</ConnectionReferences>
      <DatabaseReferences>{}</DatabaseReferences>
      <AppComponents>[]</AppComponents>
      <AppComponentDependencies>[]</AppComponentDependencies>
      <CanConsumeAppPass>1</CanConsumeAppPass>
      <CanvasAppType>0</CanvasAppType>
      <BypassConsent>0</BypassConsent>
      <AdminControlBypassConsent>0</AdminControlBypassConsent>
      <EmbeddedApp xsi:nil="true"></EmbeddedApp>
      <IntroducedVersion>1.0</IntroducedVersion>
      <CdsDependencies>{"cdsdependencies":[]}</CdsDependencies>
      <IsCustomizable>1</IsCustomizable>
      <BackgroundImageUri>/CanvasApps/cr3f6_office365provisioningappv3_d1ef2_BackgroundImageUri</BackgroundImageUri>
      <DocumentUri>/CanvasApps/cr3f6_office365provisioningappv3_d1ef2_DocumentUri.msapp</DocumentUri>
    </CanvasApp>
  </CanvasApps>
  <Languages>
    <Language>1033</Language>
  </Languages>
</ImportExportXml>