<ImportExportXml version="9.2.22021.132" SolutionPackageVersion="9.2" languagecode="1033" generatedBy="CrmLive" xmlns:xsi="http://www.w3.org/2001/XMLSchema-instance">
  <SolutionManifest>
    <UniqueName>Office365ProvisioningApp</UniqueName>
    <LocalizedNames>
      <LocalizedName description="Office365 Provisioning App" languagecode="1033" />
    </LocalizedNames>
    <Descriptions />
    <Version>1.0.0.1</Version>
    <Managed>0</Managed>
    <Publisher>
      <UniqueName>Cr8d10a</UniqueName>
      <LocalizedNames>
        <LocalizedName description="CDS Default Publisher" languagecode="1033" />
      </LocalizedNames>
      <Descriptions />
      <EMailAddress xsi:nil="true"></EMailAddress>
      <SupportingWebsiteUrl xsi:nil="true"></SupportingWebsiteUrl>
      <CustomizationPrefix>cr3f6</CustomizationPrefix>
      <CustomizationOptionValuePrefix>63123</CustomizationOptionValuePrefix>
      <Addresses>
        <Address>
          <AddressNumber>1</AddressNumber>
          <AddressTypeCode xsi:nil="true"></AddressTypeCode>
          <City xsi:nil="true"></City>
          <County xsi:nil="true"></County>
          <Country xsi:nil="true"></Country>
          <Fax xsi:nil="true"></Fax>
          <FreightTermsCode xsi:nil="true"></FreightTermsCode>
          <ImportSequenceNumber xsi:nil="true"></ImportSequenceNumber>
          <Latitude xsi:nil="true"></Latitude>
          <Line1 xsi:nil="true"></Line1>
          <Line2 xsi:nil="true"></Line2>
          <Line3 xsi:nil="true"></Line3>
          <Longitude xsi:nil="true"></Longitude>
          <Name xsi:nil="true"></Name>
          <PostalCode xsi:nil="true"></PostalCode>
          <PostOfficeBox xsi:nil="true"></PostOfficeBox>
          <PrimaryContactName xsi:nil="true"></PrimaryContactName>
          <ShippingMethodCode xsi:nil="true"></ShippingMethodCode>
          <StateOrProvince xsi:nil="true"></StateOrProvince>
          <Telephone1 xsi:nil="true"></Telephone1>
          <Telephone2 xsi:nil="true"></Telephone2>
          <Telephone3 xsi:nil="true"></Telephone3>
          <TimeZoneRuleVersionNumber xsi:nil="true"></TimeZoneRuleVersionNumber>
          <UPSZone xsi:nil="true"></UPSZone>
          <UTCOffset xsi:nil="true"></UTCOffset>
          <UTCConversionTimeZoneCode xsi:nil="true"></UTCConversionTimeZoneCode>
        </Address>
        <Address>
          <AddressNumber>2</AddressNumber>
          <AddressTypeCode xsi:nil="true"></AddressTypeCode>
          <City xsi:nil="true"></City>
          <County xsi:nil="true"></County>
          <Country xsi:nil="true"></Country>
          <Fax xsi:nil="true"></Fax>
          <FreightTermsCode xsi:nil="true"></FreightTermsCode>
          <ImportSequenceNumber xsi:nil="true"></ImportSequenceNumber>
          <Latitude xsi:nil="true"></Latitude>
          <Line1 xsi:nil="true"></Line1>
          <Line2 xsi:nil="true"></Line2>
          <Line3 xsi:nil="true"></Line3>
          <Longitude xsi:nil="true"></Longitude>
          <Name xsi:nil="true"></Name>
          <PostalCode xsi:nil="true"></PostalCode>
          <PostOfficeBox xsi:nil="true"></PostOfficeBox>
          <PrimaryContactName xsi:nil="true"></PrimaryContactName>
          <ShippingMethodCode xsi:nil="true"></ShippingMethodCode>
          <StateOrProvince xsi:nil="true"></StateOrProvince>
          <Telephone1 xsi:nil="true"></Telephone1>
          <Telephone2 xsi:nil="true"></Telephone2>
          <Telephone3 xsi:nil="true"></Telephone3>
          <TimeZoneRuleVersionNumber xsi:nil="true"></TimeZoneRuleVersionNumber>
          <UPSZone xsi:nil="true"></UPSZone>
          <UTCOffset xsi:nil="true"></UTCOffset>
          <UTCConversionTimeZoneCode xsi:nil="true"></UTCConversionTimeZoneCode>
        </Address>
      </Addresses>
    </Publisher>
    <RootComponents>
      <RootComponent type="29" id="{2a4d62e6-cbaa-ec11-b3fe-001dd8030b93}" behavior="0" />
      <RootComponent type="29" id="{5fbbf274-09aa-ec11-b3fe-001dd8030b93}" behavior="0" />
      <RootComponent type="29" id="{80418148-c9aa-ec11-b3fe-001dd8030b93}" behavior="0" />
      <RootComponent type="29" id="{deb53453-97a9-ec11-b3fe-001dd80306c0}" behavior="0" />
      <RootComponent type="300" schemaName="cr3f6_office365provisioningappv3_d1ef2" behavior="0" />
    </RootComponents>
    <MissingDependencies>
      <MissingDependency>
        <Required type="connectionreference" displayName="new_Approvals" solution="Active" id.connectionreferencelogicalname="new_Approvals" />
        <Dependent type="29" displayName="Provision Resources" id="{5fbbf274-09aa-ec11-b3fe-001dd8030b93}" />
      </MissingDependency>
      <MissingDependency>
        <Required type="connectionreference" displayName="new_sharedazuread_3ef41" solution="Active" id.connectionreferencelogicalname="new_sharedazuread_3ef41" />
        <Dependent type="29" displayName="Provision Resources" id="{5fbbf274-09aa-ec11-b3fe-001dd8030b93}" />
      </MissingDependency>
      <MissingDependency>
        <Required type="connectionreference" displayName="new_sharedoffice365_7ba5e" solution="Active" id.connectionreferencelogicalname="new_sharedoffice365_7ba5e" />
        <Dependent type="29" displayName="Provision Resources" id="{5fbbf274-09aa-ec11-b3fe-001dd8030b93}" />
      </MissingDependency>
      <MissingDependency>
        <Required type="connectionreference" displayName="new_sharedoffice365groups_fe709" solution="Active" id.connectionreferencelogicalname="new_sharedoffice365groups_fe709" />
        <Dependent type="29" displayName="Provision Resources" id="{5fbbf274-09aa-ec11-b3fe-001dd8030b93}" />
      </MissingDependency>
      <MissingDependency>
        <Required type="connectionreference" displayName="new_sharedoffice365users_d9272" solution="Active" id.connectionreferencelogicalname="new_sharedoffice365users_d9272" />
        <Dependent type="29" displayName="Provision Resources" id="{5fbbf274-09aa-ec11-b3fe-001dd8030b93}" />
      </MissingDependency>
      <MissingDependency>
        <Required type="connectionreference" displayName="new_SharePointConnection" solution="Active" id.connectionreferencelogicalname="new_SharePointConnection" />
        <Dependent type="29" displayName="CreateAgencyList" id="{2a4d62e6-cbaa-ec11-b3fe-001dd8030b93}" />
      </MissingDependency>
      <MissingDependency>
        <Required type="connectionreference" displayName="new_SharePointConnection" solution="Active" id.connectionreferencelogicalname="new_SharePointConnection" />
        <Dependent type="29" displayName="Provision Resources" id="{5fbbf274-09aa-ec11-b3fe-001dd8030b93}" />
      </MissingDependency>
      <MissingDependency>
        <Required type="connectionreference" displayName="new_SharePointConnection" solution="Active" id.connectionreferencelogicalname="new_SharePointConnection" />
        <Dependent type="29" displayName="CreateOffice365ManList" id="{80418148-c9aa-ec11-b3fe-001dd8030b93}" />
      </MissingDependency>
      <MissingDependency>
        <Required type="connectionreference" displayName="new_SharePointConnection" solution="Active" id.connectionreferencelogicalname="new_SharePointConnection" />
        <Dependent type="29" displayName="Check_URL" id="{deb53453-97a9-ec11-b3fe-001dd80306c0}" />
      </MissingDependency>
      <MissingDependency>
        <Required type="connectionreference" displayName="new_Teams" solution="Active" id.connectionreferencelogicalname="new_Teams" />
        <Dependent type="29" displayName="Provision Resources" id="{5fbbf274-09aa-ec11-b3fe-001dd8030b93}" />
      </MissingDependency>
    </MissingDependencies>
  </SolutionManifest>
</ImportExportXml>