{"properties":{"connectionReferences":{"shared_sharepointonline":{"runtimeSource":"embedded","connection":{},"api":{"name":"shared_sharepointonline"}},"shared_office365groups":{"runtimeSource":"embedded","connection":{},"api":{"name":"shared_office365groups"}},"shared_approvals":{"runtimeSource":"embedded","connection":{},"api":{"name":"shared_approvals"}},"shared_azuread":{"runtimeSource":"embedded","connection":{},"api":{"name":"shared_azuread"}},"shared_office365users_1":{"runtimeSource":"embedded","connection":{},"api":{"name":"shared_office365users"}},"shared_office365":{"runtimeSource":"embedded","connection":{},"api":{"name":"shared_office365"}}},"definition":{"$schema":"https://schema.management.azure.com/providers/Microsoft.Logic/schemas/2016-06-01/workflowdefinition.json#","contentVersion":"1.0.0.0","parameters":{"$connections":{"defaultValue":{},"type":"Object"},"$authentication":{"defaultValue":{},"type":"SecureObject"},"TenantURL":{"defaultValue":"https://gov210645.sharepoint.com","type":"String","metadata":{"schemaName":"new_TenantURL"}}},"triggers":{"When_an_item_is_created":{"recurrence":{"interval":1,"frequency":"Minute"},"splitOn":"@triggerOutputs()?['body/value']","metadata":{"operationMetadataId":"06b3cbff-a0ba-476b-a036-d2045cedb734"},"type":"OpenApiConnection","inputs":{"host":{"connectionName":"shared_sharepointonline","operationId":"GetOnNewItems","apiId":"/providers/Microsoft.PowerApps/apis/shared_sharepointonline"},"parameters":{"dataset":"https://gov210645.sharepoint.com/sites/TeamsCreationAppDemo","table":"b8d01be4-a102-48d0-a2d0-c74359890f2c"},"authentication":"@parameters('$authentication')"}}},"actions":{"Initialize_variable_-_GroupID":{"runAfter":{},"metadata":{"operationMetadataId":"f0796930-6f2b-4b76-9a94-bb4c152b5833"},"type":"InitializeVariable","inputs":{"variables":[{"name":"GroupID","type":"string"}]}},"Initialize_variable-_Approvers":{"runAfter":{"Initialize_variable_-_GroupID":["Succeeded"]},"metadata":{"operationMetadataId":"ff9aa4e7-e97f-4cc6-b797-c64c5138da8b"},"type":"InitializeVariable","inputs":{"variables":[{"name":"Approvers","type":"string"}]}},"Initialize_variable_-_TenantUrl":{"runAfter":{"Initialize_variable-_Approvers":["Succeeded"]},"metadata":{"operationMetadataId":"97ed2767-53f5-4a12-a5bb-dbf42f010fb6"},"type":"InitializeVariable","inputs":{"variables":[{"name":"TenantURL","type":"string","value":"@{parameters('TenantURL')}/sites/"}]}},"Get_item_-_Get_All_the_item_columns":{"runAfter":{"Update_item_-_Update_Request_Status":["Succeeded"]},"metadata":{"operationMetadataId":"0ada3257-77fd-4162-91b5-ddde9b01217c"},"type":"OpenApiConnection","inputs":{"host":{"connectionName":"shared_sharepointonline","operationId":"GetItem","apiId":"/providers/Microsoft.PowerApps/apis/shared_sharepointonline"},"parameters":{"dataset":"https://gov210645.sharepoint.com/sites/TeamsCreationAppDemo","table":"b8d01be4-a102-48d0-a2d0-c74359890f2c","id":"@triggerOutputs()?['body/ID']"},"authentication":"@parameters('$authentication')"}},"Update_item_-_Update_Request_Status":{"runAfter":{"Initialize_variable_-_Comments":["Succeeded"]},"metadata":{"operationMetadataId":"d9eb6b9e-d2ae-4845-9f1f-77598e58bafd"},"type":"OpenApiConnection","inputs":{"host":{"connectionName":"shared_sharepointonline","operationId":"PatchItem","apiId":"/providers/Microsoft.PowerApps/apis/shared_sharepointonline"},"parameters":{"dataset":"https://gov210645.sharepoint.com/sites/TeamsCreationAppDemo","table":"b8d01be4-a102-48d0-a2d0-c74359890f2c","id":"@triggerOutputs()?['body/ID']","item/Title":"@triggerOutputs()?['body/Title']","item/RequestStatus":"Approval Started","item/GroupLookup/Claims":"@triggerOutputs()?['body/Approvers']"},"authentication":"@parameters('$authentication')"},"description":"Update Request Status to Approval Started"},"Set_variable_-_Group_Lookup_GroupID_Var":{"runAfter":{"Get_item_-_Get_All_the_item_columns":["Succeeded"]},"metadata":{"operationMetadataId":"06ba08ab-c49f-40d4-a229-e2f0a3d78a88"},"type":"SetVariable","inputs":{"name":"GroupID","value":"@outputs('Get_item_-_Get_All_the_item_columns')?['body/GroupLookup/Claims']"}},"Scope_-_Get_Approvers":{"actions":{"Compose_-_Get_Group_ID":{"runAfter":{},"metadata":{"operationMetadataId":"c18fffac-1fe6-4837-bd9f-647e83facb30"},"type":"Compose","inputs":"@split(variables('GroupID'),'|')"},"Compose_-_Parse_Out_Group_ID":{"runAfter":{"Compose_-_Get_Group_ID":["Succeeded"]},"metadata":{"operationMetadataId":"647f492e-5c84-4161-b0ab-e9c6a568ca8e"},"type":"Compose","inputs":"@outputs('Compose_-_Get_Group_ID')[2]"},"List_group_members":{"runAfter":{"Compose_-_Parse_Out_Group_ID":["Succeeded"]},"metadata":{"operationMetadataId":"172fbc3d-2056-4645-8c35-51814e94157a"},"type":"OpenApiConnection","inputs":{"host":{"connectionName":"shared_office365groups","operationId":"ListGroupMembers","apiId":"/providers/Microsoft.PowerApps/apis/shared_office365groups"},"parameters":{"groupId":"@outputs('Compose_-_Parse_Out_Group_ID')"},"authentication":"@parameters('$authentication')"}},"Apply_to_each":{"foreach":"@outputs('List_group_members')?['body/value']","actions":{"Append_to_string_variable":{"runAfter":{},"metadata":{"operationMetadataId":"d6397cb0-e84a-4d8d-a72b-068ede6756cf"},"type":"AppendToStringVariable","inputs":{"name":"Approvers","value":"@{items('Apply_to_each')?['mail']};"}}},"runAfter":{"List_group_members":["Succeeded"]},"metadata":{"operationMetadataId":"aed8bc32-299f-4774-8ece-7a0ac130bde4"},"type":"Foreach"},"Compose_-_Debug_Show_Approvers_List":{"runAfter":{"Apply_to_each":["Succeeded"]},"metadata":{"operationMetadataId":"c1660899-5617-4c73-8a72-9d5fabb6d125"},"type":"Compose","inputs":"@variables('Approvers')"}},"runAfter":{"Set_variable_-_Group_Lookup_GroupID_Var":["Succeeded"]},"metadata":{"operationMetadataId":"05e7dcf6-d292-453e-ac5e-3220eeb22334"},"type":"Scope"},"Start_and_wait_for_an_approval":{"runAfter":{"Scope_-_Get_Approvers":["Succeeded"]},"metadata":{"operationMetadataId":"d58cc5b6-9795-4a99-a259-566a046d3330"},"type":"OpenApiConnectionWebhook","inputs":{"host":{"connectionName":"shared_approvals","operationId":"StartAndWaitForAnApproval","apiId":"/providers/Microsoft.PowerApps/apis/shared_approvals"},"parameters":{"approvalType":"Basic","WebhookApprovalCreationInput/title":"New SPO Request","WebhookApprovalCreationInput/assignedTo":"@{variables('Approvers')};","WebhookApprovalCreationInput/itemLink":"@outputs('Get_item_-_Get_All_the_item_columns')?['body/{Link}']","WebhookApprovalCreationInput/enableNotifications":true,"WebhookApprovalCreationInput/enableReassignment":true},"authentication":"@parameters('$authentication')"}},"Condition":{"actions":{"Scope_-_Update_and_Get_item":{"actions":{"Update_item_-_Update_Status_to_Approve":{"runAfter":{},"metadata":{"operationMetadataId":"3f6d1e1b-2010-481a-92e0-c3fc027adec8"},"type":"OpenApiConnection","inputs":{"host":{"connectionName":"shared_sharepointonline","operationId":"PatchItem","apiId":"/providers/Microsoft.PowerApps/apis/shared_sharepointonline"},"parameters":{"dataset":"https://gov210645.sharepoint.com/sites/TeamsCreationAppDemo","table":"b8d01be4-a102-48d0-a2d0-c74359890f2c","id":"@outputs('Get_item_-_Get_All_the_item_columns')?['body/ID']","item/RequestStatus":"Approve","item/Comments":"@variables('Comments')"},"authentication":"@parameters('$authentication')"}},"Get_item_-_Pull_Updates_from_List":{"runAfter":{"Update_item_-_Update_Status_to_Approve":["Succeeded"]},"metadata":{"operationMetadataId":"30333669-539b-410d-b986-0550d3d45057"},"type":"OpenApiConnection","inputs":{"host":{"connectionName":"shared_sharepointonline","operationId":"GetItem","apiId":"/providers/Microsoft.PowerApps/apis/shared_sharepointonline"},"parameters":{"dataset":"https://gov210645.sharepoint.com/sites/TeamsCreationAppDemo","table":"b8d01be4-a102-48d0-a2d0-c74359890f2c","id":"@outputs('Update_item_-_Update_Status_to_Approve')?['body/ID']"},"authentication":"@parameters('$authentication')"}}},"runAfter":{},"metadata":{"operationMetadataId":"8d43dbd3-8272-49cc-b7d2-a70cc413f836"},"type":"Scope"},"Scope_-_Create_SPO_Site":{"actions":{"Update_item_-_Update_Status_to_Teams_Created":{"runAfter":{"Switch":["Succeeded"]},"metadata":{"operationMetadataId":"97ea142f-9d79-4712-bbc6-efc2d9b26c14"},"type":"OpenApiConnection","inputs":{"host":{"connectionName":"shared_sharepointonline","operationId":"PatchItem","apiId":"/providers/Microsoft.PowerApps/apis/shared_sharepointonline"},"parameters":{"dataset":"https://gov210645.sharepoint.com/sites/TeamsCreationAppDemo","table":"b8d01be4-a102-48d0-a2d0-c74359890f2c","id":"@outputs('Get_item_-_Get_All_the_item_columns')?['body/ID']","item/RequestStatus":"Site Created","item/Comments":"@variables('Comments')"},"authentication":"@parameters('$authentication')"}},"Switch":{"runAfter":{},"cases":{"Case":{"case":"Communication Site","actions":{"Send_an_HTTP_request_to_SharePoint-_Comm_Site":{"runAfter":{},"type":"OpenApiConnection","inputs":{"host":{"connectionName":"shared_sharepointonline","operationId":"HttpRequest","apiId":"/providers/Microsoft.PowerApps/apis/shared_sharepointonline"},"parameters":{"dataset":"@variables('TenantURL')","parameters/method":"POST","parameters/uri":"_api/SPSiteManager/create","parameters/headers":{"Accept":"application/json;odata=none"},"parameters/body":"{\n  \"request\": {\n    \"Title\": \"@{outputs('Get_item_-_Pull_Updates_from_List')?['body/TeamName']}\",\n    \"Url\":\"https://gov210645.sharepoint.com/sites/@{outputs('Get_item_-_Pull_Updates_from_List')?['body/ProposedURl']}\",\n    \"Lcid\": 1033,\n    \"ShareByEmailEnabled\":false,\n    \"Description\":\"@{outputs('Get_item_-_Pull_Updates_from_List')?['body/TeamDescription']}\",\n    \"WebTemplate\":\"SITEPAGEPUBLISHING#0\",\n    \"Owner\":\"@{outputs('Get_item_-_Pull_Updates_from_List')?['body/TeamOwner']}\"\n }\n}"},"authentication":"@parameters('$authentication')"}}}},"Case_2":{"case":"Team Site(No Group)","actions":{"Send_an_HTTP_request_to_SharePoint":{"runAfter":{},"type":"OpenApiConnection","inputs":{"host":{"connectionName":"shared_sharepointonline","operationId":"HttpRequest","apiId":"/providers/Microsoft.PowerApps/apis/shared_sharepointonline"},"parameters":{"dataset":"@variables('TenantURL')","parameters/method":"POST","parameters/uri":"_api/SPSiteManager/create","parameters/headers":{"Accept":"application/json;odata=none"},"parameters/body":"{\n  \"request\": {\n    \"Title\": \"@{outputs('Get_item_-_Pull_Updates_from_List')?['body/TeamName']}\",\n    \"Url\":\"https://gov210645.sharepoint.com/sites/@{outputs('Get_item_-_Pull_Updates_from_List')?['body/ProposedURl']}\",\n    \"Lcid\": 1033,\n    \"ShareByEmailEnabled\":false,\n    \"Description\":\"@{outputs('Get_item_-_Pull_Updates_from_List')?['body/TeamDescription']}\",\n    \"WebTemplate\":\"STS#3\",\n    \"Owner\":\"@{outputs('Get_item_-_Pull_Updates_from_List')?['body/TeamOwner']}\"\n }\n}"},"authentication":"@parameters('$authentication')"}}}}},"default":{"actions":{"Create_Office_365_group":{"runAfter":{},"type":"OpenApiConnection","inputs":{"host":{"connectionName":"shared_azuread","operationId":"CreateOffice365Group","apiId":"/providers/Microsoft.PowerApps/apis/shared_azuread"},"parameters":{"body/displayName":"@outputs('Get_item_-_Pull_Updates_from_List')?['body/ProposedURl']","body/description":"@{outputs('Get_item_-_Pull_Updates_from_List')?['body/TeamDescription']}- @{outputs('Get_item_-_Pull_Updates_from_List')?['body/Classification']}","body/mailNickname":"@outputs('Get_item_-_Pull_Updates_from_List')?['body/ProposedURl']","body/securityEnabled":true,"body/mailEnabled":true},"authentication":"@parameters('$authentication')"}},"Add_user_to_group":{"runAfter":{"Get_user_profile_(V2)":["Succeeded"]},"type":"OpenApiConnection","inputs":{"host":{"connectionName":"shared_azuread","operationId":"AddUserToGroup","apiId":"/providers/Microsoft.PowerApps/apis/shared_azuread"},"parameters":{"id":"@outputs('Create_Office_365_group')?['body/id']","body/@odata.id":"@outputs('Get_user_profile_(V2)')?['body/id']"},"authentication":"@parameters('$authentication')"}},"Get_user_profile_(V2)":{"runAfter":{"Create_Office_365_group":["Succeeded"]},"type":"OpenApiConnection","inputs":{"host":{"connectionName":"shared_office365users_1","operationId":"UserProfile_V2","apiId":"/providers/Microsoft.PowerApps/apis/shared_office365users"},"parameters":{"id":"@outputs('Get_item_-_Pull_Updates_from_List')?['body/TeamOwner']"},"authentication":"@parameters('$authentication')"}}}},"expression":"@outputs('Get_item_-_Get_All_the_item_columns')?['body/Type_x0020_of_x0020_Teams']","metadata":{"operationMetadataId":"5c8e0d7b-245b-49c3-90d2-8667bde88c36"},"type":"Switch"}},"runAfter":{"Scope_-_Update_and_Get_item":["Succeeded"]},"metadata":{"operationMetadataId":"8ddc8d94-8c0d-4240-b7a4-5c2f09b1cb93"},"type":"Scope"},"Scope":{"actions":{"Delay":{"runAfter":{},"metadata":{"operationMetadataId":"2867d082-f5ee-438a-8b1e-2ceb80050658"},"type":"Wait","inputs":{"interval":{"count":15,"unit":"Second"}}},"Update_item_-_Update_Status_to_Completed":{"runAfter":{"Delay":["Succeeded"]},"metadata":{"operationMetadataId":"4e4ba54e-5506-48de-a22d-be301011fdc7"},"type":"OpenApiConnection","inputs":{"host":{"connectionName":"shared_sharepointonline","operationId":"PatchItem","apiId":"/providers/Microsoft.PowerApps/apis/shared_sharepointonline"},"parameters":{"dataset":"https://gov210645.sharepoint.com/sites/TeamsCreationAppDemo","table":"b8d01be4-a102-48d0-a2d0-c74359890f2c","id":"@outputs('Get_item_-_Get_All_the_item_columns')?['body/ID']","item/RequestStatus":"Completed","item/Comments":"@variables('Comments')"},"authentication":"@parameters('$authentication')"}}},"runAfter":{"Scope_-_Create_SPO_Site":["Succeeded"]},"metadata":{"operationMetadataId":"a01948bb-949c-40eb-ba2b-bae60b857074"},"type":"Scope"}},"runAfter":{"Apply_to_each_-_Comments":["Succeeded"]},"else":{"actions":{"Send_an_email_(V2)_-_Rejected-Canceled_Email":{"runAfter":{},"metadata":{"operationMetadataId":"aad08ff7-2d88-4e02-b959-9e2d355690ad"},"type":"OpenApiConnection","inputs":{"host":{"connectionName":"shared_office365","operationId":"SendEmailV2","apiId":"/providers/Microsoft.PowerApps/apis/shared_office365"},"parameters":{"emailMessage/To":"@outputs('Get_item_-_Get_All_the_item_columns')?['body/Author/Email']","emailMessage/Subject":"Your Request has been Rejected for @{outputs('Get_item_-_Get_All_the_item_columns')?['body/TeamName']}","emailMessage/Body":"<p>Your Request has been Rejected for @{outputs('Get_item_-_Get_All_the_item_columns')?['body/TeamName']}</p>"},"authentication":"@parameters('$authentication')"}},"Update_item_-_Update_Status_to_Reject":{"runAfter":{"Send_an_email_(V2)_-_Rejected-Canceled_Email":["Succeeded"]},"metadata":{"operationMetadataId":"3eca42b3-b32c-40f3-bcba-7e5fedb0783f"},"type":"OpenApiConnection","inputs":{"host":{"connectionName":"shared_sharepointonline","operationId":"PatchItem","apiId":"/providers/Microsoft.PowerApps/apis/shared_sharepointonline"},"parameters":{"dataset":"https://gov210645.sharepoint.com/sites/TeamsCreationAppDemo","table":"b8d01be4-a102-48d0-a2d0-c74359890f2c","id":"@outputs('Get_item_-_Get_All_the_item_columns')?['body/ID']","item/RequestStatus":"Reject","item/Comments":"@variables('Comments')"},"authentication":"@parameters('$authentication')"}}}},"expression":{"equals":["@outputs('Start_and_wait_for_an_approval')?['body/outcome']","Approve"]},"metadata":{"operationMetadataId":"e55fefa8-f60b-42ef-86af-613119fdd7ad"},"type":"If"},"Initialize_variable_-_Comments":{"runAfter":{"Initialize_variable_-_TenantUrl":["Succeeded"]},"metadata":{"operationMetadataId":"b6f35dae-09db-4bd6-a249-71d3938f54cb"},"type":"InitializeVariable","inputs":{"variables":[{"name":"Comments","type":"string"}]}},"Apply_to_each_-_Comments":{"foreach":"@outputs('Start_and_wait_for_an_approval')?['body/responses']","actions":{"Set_variable-_Comments":{"runAfter":{},"metadata":{"operationMetadataId":"a399ea0f-5a3b-4457-b849-f21a9dc255e5"},"type":"SetVariable","inputs":{"name":"Comments","value":"@{items('Apply_to_each_-_Comments')?['responder/displayName']}:@{items('Apply_to_each_-_Comments')?['comments']}-@{outputs('Start_and_wait_for_an_approval')?['body/completionDate']};"}}},"runAfter":{"Start_and_wait_for_an_approval":["Succeeded"]},"metadata":{"operationMetadataId":"44cf87b5-3436-4e7d-9e41-83686016c992"},"type":"Foreach"}},"outputs":{}}},"schemaVersion":"1.0.0.0"}