<environmentvariabledefinition schemaname="new_SPOSiteURL">
  <description default="Url to SharePoint for Request">
    <label description="Url to SharePoint for Request" languagecode="1033" />
  </description>
  <displayname default="SPO-Site-URL">
    <label description="SPO-Site-URL" languagecode="1033" />
  </displayname>
  <introducedversion>1.0.0.0</introducedversion>
  <iscustomizable>1</iscustomizable>
  <isrequired>0</isrequired>
  <type>100000000</type>
</environmentvariabledefinition>