<environmentvariabledefinition schemaname="cr3f6_SPO_TenantInformation">
  <description default="TenantInformation">
    <label description="TenantInformation" languagecode="1033" />
  </description>
  <displayname default="SPO_TenantInformation">
    <label description="SPO_TenantInformation" languagecode="1033" />
  </displayname>
  <introducedversion>1.0.0.0</introducedversion>
  <iscustomizable>1</iscustomizable>
  <isrequired>0</isrequired>
  <secretstore>0</secretstore>
  <type>100000000</type>
</environmentvariabledefinition>