<environmentvariabledefinition schemaname="cr3f6_SPOSiteforData">
  <description default="SPO Site for Data">
    <label description="SPO Site for Data" languagecode="1033" />
  </description>
  <displayname default="SPO Site for Data">
    <label description="SPO Site for Data" languagecode="1033" />
  </displayname>
  <introducedversion>1.0.0.0</introducedversion>
  <iscustomizable>1</iscustomizable>
  <isrequired>0</isrequired>
  <secretstore>0</secretstore>
  <type>100000000</type>
</environmentvariabledefinition>