{"properties":{"connectionReferences":{"shared_sharepointonline":{"runtimeSource":"invoker","connection":{"connectionReferenceLogicalName":"new_SharePointConnection"},"api":{"name":"shared_sharepointonline"}}},"definition":{"$schema":"https://schema.management.azure.com/providers/Microsoft.Logic/schemas/2016-06-01/workflowdefinition.json#","contentVersion":"1.0.0.0","parameters":{"$connections":{"defaultValue":{},"type":"Object"},"$authentication":{"defaultValue":{},"type":"SecureObject"},"SPO Site for Data (cr3f6_SPOSiteforData)":{"defaultValue":"https://gov210645.sharepoint.com/sites/TeamsCreationAppDemo","type":"String","metadata":{"schemaName":"cr3f6_SPOSiteforData","description":"SPO Site for Data"}}},"triggers":{"manual":{"metadata":{"operationMetadataId":"3a239ae4-f809-4592-b50d-74fb06e69289"},"type":"Request","kind":"Button","inputs":{"schema":{"type":"object","properties":{},"required":[]}}}},"actions":{"Compose":{"runAfter":{},"metadata":{"operationMetadataId":"f183a3cd-e086-424a-892f-67af8ff38e1e"},"type":"Compose","inputs":{"d":{"GetSiteScriptFromList":"{\r\n  \"$schema\": \"https://developer.microsoft.com/json-schemas/sp/site-design-script-actions.schema.json\",\r\n  \"actions\": [\r\n    {\r\n      \"verb\": \"createSPList\",\r\n      \"listName\": \"AgencyData\",\r\n      \"templateType\": 100,\r\n      \"color\": \"6\",\r\n      \"icon\": \"5\",\r\n      \"subactions\": [\r\n        {\r\n          \"verb\": \"addSPFieldXml\",\r\n          \"schemaXml\": \"<Field ID=\\\"{fa564e0f-0c70-4ab9-b863-0177e6ddd247}\\\" Type=\\\"Text\\\" Name=\\\"Title\\\" DisplayName=\\\"Title\\\" Required=\\\"FALSE\\\" SourceID=\\\"http://schemas.microsoft.com/sharepoint/v3\\\" StaticName=\\\"Title\\\" FromBaseType=\\\"TRUE\\\" MaxLength=\\\"255\\\" />\"\r\n        },\r\n        {\r\n          \"verb\": \"addSPFieldXml\",\r\n          \"schemaXml\": \"<Field Type=\\\"Text\\\" DisplayName=\\\"Division\\\" Name=\\\"Division\\\" ID=\\\"{923be7ce-704f-426b-b34d-5d3f8e804de7}\\\" StaticName=\\\"Division\\\" />\"\r\n        },\r\n        {\r\n          \"verb\": \"addSPFieldXml\",\r\n          \"schemaXml\": \"<Field Type=\\\"Text\\\" DisplayName=\\\"Business Unit\\\" Name=\\\"Business_x0020_Unit\\\" ID=\\\"{782b4130-f6cb-4682-88d4-01e836086ac6}\\\" StaticName=\\\"Business_x0020_Unit\\\" />\"\r\n        },\r\n        {\r\n          \"verb\": \"addSPFieldXml\",\r\n          \"schemaXml\": \"<Field Type=\\\"Text\\\" DisplayName=\\\"Approver\\\" Name=\\\"Approver\\\" ID=\\\"{fd803a36-ca79-4539-bc38-c21df66fa5be}\\\" StaticName=\\\"Approver\\\" />\"\r\n        },\r\n        {\r\n          \"verb\": \"addContentType\",\r\n          \"name\": \"Item\",\r\n          \"id\": \"0x01\",\r\n          \"fieldRefsXml\": [\r\n            \"<FieldRef ID=\\\"{fa564e0f-0c70-4ab9-b863-0177e6ddd247}\\\" Name=\\\"Title\\\" />\"\r\n          ]\r\n        },\r\n        {\r\n          \"verb\": \"addContentType\",\r\n          \"name\": \"Folder\",\r\n          \"id\": \"0x0120\"\r\n        },\r\n        {\r\n          \"verb\": \"addSPView\",\r\n          \"name\": \"All Items\",\r\n          \"viewFields\": [\r\n            \"LinkTitle\",\r\n            \"Division\",\r\n            \"Business_x0020_Unit\",\r\n            \"Approver\"\r\n          ],\r\n          \"query\": \"\",\r\n          \"rowLimit\": 30,\r\n          \"isPaged\": true,\r\n          \"makeDefault\": true,\r\n          \"replaceViewFields\": true\r\n        }\r\n      ]\r\n    }\r\n  ]\r\n}"}}},"Parse_JSON":{"runAfter":{"Compose":["Succeeded"]},"metadata":{"operationMetadataId":"96a2551d-3450-4015-aa1e-6c483788b884"},"type":"ParseJson","inputs":{"content":"@outputs('Compose')?['d']?['GetSiteScriptFromList']","schema":{"type":"object","properties":{"d":{"type":"object","properties":{"GetSiteScriptFromList":{"type":"string"}}}}}}},"Send_an_HTTP_request_to_SharePoint_2":{"runAfter":{"Parse_JSON":["Succeeded"]},"metadata":{"operationMetadataId":"248850f8-e954-4df6-b579-4d4213dffe7c"},"type":"OpenApiConnection","inputs":{"host":{"connectionName":"shared_sharepointonline","operationId":"HttpRequest","apiId":"/providers/Microsoft.PowerApps/apis/shared_sharepointonline"},"parameters":{"dataset":"@parameters('SPO Site for Data (cr3f6_SPOSiteforData)')","parameters/method":"POST","parameters/uri":"_api/Microsoft.Sharepoint.Utilities.WebTemplateExtensions.SiteScriptUtility.ExecuteTemplateScript()","parameters/headers":{"accept":"application/json;odata=verbose","content-type":"application/json;odata=verbose"},"parameters/body":"{\"script\": \"{\\\"actions\\\":@{replace(replace(string(body('Parse_JSON')?['actions']), '\\', '\\\\'), '\"', '\\\"')}}\"}"},"authentication":{"type":"Raw","value":"@json(decodeBase64(triggerOutputs().headers['X-MS-APIM-Tokens']))['$ConnectionKey']"}}}}}},"schemaVersion":"1.0.0.0"}