{"properties":{"connectionReferences":{"shared_sharepointonline":{"runtimeSource":"embedded","connection":{"connectionReferenceLogicalName":"new_SharePointConnection"},"api":{"name":"shared_sharepointonline"}},"shared_office365groups":{"runtimeSource":"embedded","connection":{"connectionReferenceLogicalName":"new_sharedoffice365groups_fe709"},"api":{"name":"shared_office365groups"}},"shared_approvals":{"runtimeSource":"embedded","connection":{"connectionReferenceLogicalName":"new_Approvals"},"api":{"name":"shared_approvals"}},"shared_azuread":{"runtimeSource":"embedded","connection":{"connectionReferenceLogicalName":"new_sharedazuread_3ef41"},"api":{"name":"shared_azuread"}},"shared_teams":{"runtimeSource":"embedded","connection":{"connectionReferenceLogicalName":"new_Teams"},"api":{"name":"shared_teams"}},"shared_office365users":{"runtimeSource":"embedded","connection":{"connectionReferenceLogicalName":"new_sharedoffice365users_d9272"},"api":{"name":"shared_office365users"}},"shared_office365":{"runtimeSource":"embedded","connection":{"connectionReferenceLogicalName":"new_sharedoffice365_7ba5e"},"api":{"name":"shared_office365"}}},"definition":{"$schema":"https://schema.management.azure.com/providers/Microsoft.Logic/schemas/2016-06-01/workflowdefinition.json#","contentVersion":"1.0.0.0","parameters":{"$connections":{"defaultValue":{},"type":"Object"},"$authentication":{"defaultValue":{},"type":"SecureObject"},"SPO Site for Data (cr3f6_SPOSiteforData)":{"defaultValue":"https://gov210645.sharepoint.com/sites/TeamsCreationAppDemo","type":"String","metadata":{"schemaName":"cr3f6_SPOSiteforData","description":"SPO Site for Data"}},"SPO_TenantInformation (cr3f6_SPO_TenantInformation)":{"defaultValue":"https://gov210645.sharepoint.com/","type":"String","metadata":{"schemaName":"cr3f6_SPO_TenantInformation","description":"TenantInformation"}},"SPO List Name (cr3f6_SPOListName)":{"defaultValue":"Office365ManagementApp","type":"String","metadata":{"schemaName":"cr3f6_SPOListName","description":"SPO List Name"}}},"triggers":{"When_an_item_is_created":{"recurrence":{"interval":1,"frequency":"Minute"},"splitOn":"@triggerOutputs()?['body/value']","metadata":{"operationMetadataId":"e8587e5a-c0d1-4361-a147-9496c2ee869e"},"type":"OpenApiConnection","inputs":{"host":{"connectionName":"shared_sharepointonline","operationId":"GetOnNewItems","apiId":"/providers/Microsoft.PowerApps/apis/shared_sharepointonline"},"parameters":{"dataset":"@parameters('SPO Site for Data (cr3f6_SPOSiteforData)')","table":"@parameters('SPO List Name (cr3f6_SPOListName)')"},"authentication":"@parameters('$authentication')"}}},"actions":{"Initialize_variable_-_GroupID":{"runAfter":{},"metadata":{"operationMetadataId":"3661925b-6fdd-491f-a1a1-b71a14981e0c"},"type":"InitializeVariable","inputs":{"variables":[{"name":"GroupID","type":"string"}]}},"Initialize_variable_-_Approvers":{"runAfter":{"Initialize_variable_-_GroupID":["Succeeded"]},"metadata":{"operationMetadataId":"a52973a8-016c-4af0-a9c3-9df19f0ceee0"},"type":"InitializeVariable","inputs":{"variables":[{"name":"Approvers","type":"string"}]}},"Initialize_variable_-_Comments":{"runAfter":{"Initialize_variable_-_Approvers":["Succeeded"]},"metadata":{"operationMetadataId":"b993a987-d78a-4f4a-8c09-6ef662f32a6a"},"type":"InitializeVariable","inputs":{"variables":[{"name":"Comments","type":"string"}]}},"Update_item_-__Update_Group_Lookup":{"runAfter":{"Initialize_variable_-_SPOCreateSiteURL":["Succeeded"]},"metadata":{"operationMetadataId":"c95596cd-e848-4f61-8731-88175d527d6f"},"type":"OpenApiConnection","inputs":{"host":{"connectionName":"shared_sharepointonline","operationId":"PatchItem","apiId":"/providers/Microsoft.PowerApps/apis/shared_sharepointonline"},"parameters":{"dataset":"@parameters('SPO Site for Data (cr3f6_SPOSiteforData)')","table":"@parameters('SPO List Name (cr3f6_SPOListName)')","id":"@triggerOutputs()?['body/ID']","item/GroupLookup/Claims":"@triggerOutputs()?['body/Approvers']"},"authentication":"@parameters('$authentication')"}},"Get_item":{"runAfter":{"Update_item_-__Update_Group_Lookup":["Succeeded"]},"metadata":{"operationMetadataId":"4e69150d-a7b6-4d11-8bc4-236d7edc08f9"},"type":"OpenApiConnection","inputs":{"host":{"connectionName":"shared_sharepointonline","operationId":"GetItem","apiId":"/providers/Microsoft.PowerApps/apis/shared_sharepointonline"},"parameters":{"dataset":"@parameters('SPO Site for Data (cr3f6_SPOSiteforData)')","table":"@parameters('SPO List Name (cr3f6_SPOListName)')","id":"@triggerOutputs()?['body/ID']"},"authentication":"@parameters('$authentication')"}},"Set_variable_-_Group_Lookup_GroupID":{"runAfter":{"Get_item":["Succeeded"]},"metadata":{"operationMetadataId":"864dd979-d057-45b8-b6ca-b27cf049990a"},"type":"SetVariable","inputs":{"name":"GroupID","value":"@outputs('Get_item')?['body/GroupLookup/Claims']"}},"Scope_-_Get_List_of_Approvers":{"actions":{"Compose_-_Get_Group_ID":{"runAfter":{},"metadata":{"operationMetadataId":"5603995e-ddb1-4b65-95e8-55dd1fbb273c"},"type":"Compose","inputs":"@split(variables('GroupID'),'|')"},"Compose_-_Parse_Out_Group_ID":{"runAfter":{"Compose_-_Get_Group_ID":["Succeeded"]},"metadata":{"operationMetadataId":"eaaef152-8c22-4a6b-98f7-5e650b47dbf2"},"type":"Compose","inputs":"@outputs('Compose_-_Get_Group_ID')[2]"},"List_group_members":{"runAfter":{"Compose_-_Parse_Out_Group_ID":["Succeeded"]},"metadata":{"operationMetadataId":"dcc462ec-966f-46f6-b547-761b44923fa9"},"type":"OpenApiConnection","inputs":{"host":{"connectionName":"shared_office365groups","operationId":"ListGroupMembers","apiId":"/providers/Microsoft.PowerApps/apis/shared_office365groups"},"parameters":{"groupId":"@outputs('Compose_-_Parse_Out_Group_ID')"},"authentication":"@parameters('$authentication')"}},"Apply_to_each":{"foreach":"@outputs('List_group_members')?['body/value']","actions":{"Append_to_string_variable_-_Add_Users_Email_to_Approver_to_Approvers":{"runAfter":{},"metadata":{"operationMetadataId":"3d495e83-3c76-4b20-8094-fb96a07c9635"},"type":"AppendToStringVariable","inputs":{"name":"Approvers","value":"@{items('Apply_to_each')?['mail']};"}}},"runAfter":{"List_group_members":["Succeeded"]},"metadata":{"operationMetadataId":"d7f21d1a-8ddf-45de-8d68-2ea92177a46f"},"type":"Foreach"},"Compose_-_Debug_Show_Approvers_Variable":{"runAfter":{"Apply_to_each":["Succeeded"]},"metadata":{"operationMetadataId":"2a29b7b5-86cd-47ae-a59d-20482e4d35d6"},"type":"Compose","inputs":"@variables('Approvers')"}},"runAfter":{"Set_variable_-_Group_Lookup_GroupID":["Succeeded"]},"metadata":{"operationMetadataId":"f5141fe9-568a-49bb-80d4-c17a06014ae9"},"type":"Scope"},"Scope_-_Approval_Step":{"actions":{"Start_and_wait_for_an_approval":{"runAfter":{},"metadata":{"operationMetadataId":"a4b1a026-4db2-4653-be68-aa3384cbb5e9"},"type":"OpenApiConnectionWebhook","inputs":{"host":{"connectionName":"shared_approvals","operationId":"StartAndWaitForAnApproval","apiId":"/providers/Microsoft.PowerApps/apis/shared_approvals"},"parameters":{"approvalType":"Basic","WebhookApprovalCreationInput/title":"New @{outputs('Get_item')?['body/Type_x0020_of_x0020_Teams']} Request has been submitted","WebhookApprovalCreationInput/assignedTo":"@variables('Approvers')","WebhookApprovalCreationInput/itemLink":"@outputs('Get_item')?['body/{Link}']","WebhookApprovalCreationInput/enableNotifications":true,"WebhookApprovalCreationInput/enableReassignment":true},"authentication":"@parameters('$authentication')"}},"Apply_to_each_2":{"foreach":"@outputs('Start_and_wait_for_an_approval')?['body/responses']","actions":{"Set_variable":{"runAfter":{},"metadata":{"operationMetadataId":"57025ee5-cc21-46ed-b4e9-51eae2a8b2a9"},"type":"SetVariable","inputs":{"name":"Comments","value":"@{items('Apply_to_each_2')?['responder/displayName']} : @{items('Apply_to_each_2')?['comments']} - @{outputs('Start_and_wait_for_an_approval')?['body/completionDate']}"}}},"runAfter":{"Start_and_wait_for_an_approval":["Succeeded"]},"metadata":{"operationMetadataId":"8f0dd24f-5665-44f1-be9c-8c417b2e95af"},"type":"Foreach"}},"runAfter":{"Scope_-_Get_List_of_Approvers":["Succeeded"]},"metadata":{"operationMetadataId":"52b7ea19-431a-4930-a1b2-3ecf826d6e8e"},"type":"Scope"},"Condition":{"actions":{"Scope_-_Updated_to_Approved":{"actions":{"Update_item_-_Update_Status_to_Approved":{"runAfter":{},"metadata":{"operationMetadataId":"1a6cf3ec-c299-433f-865a-86d633cb8b6c"},"type":"OpenApiConnection","inputs":{"host":{"connectionName":"shared_sharepointonline","operationId":"PatchItem","apiId":"/providers/Microsoft.PowerApps/apis/shared_sharepointonline"},"parameters":{"dataset":"https://gov210645.sharepoint.com/sites/TeamsCreationAppDemo","table":"5e5576e7-b94b-469f-a1f5-afaf843225de","id":"@outputs('Get_item')?['body/ID']","item/RequestStatus":"Approved","item/Comments":"@variables('Comments')"},"authentication":"@parameters('$authentication')"}},"Get_item_-_Pull_Updates_from_List":{"runAfter":{"Update_item_-_Update_Status_to_Approved":["Succeeded"]},"metadata":{"operationMetadataId":"de3a719c-da69-434a-9368-bbec095f84b1"},"type":"OpenApiConnection","inputs":{"host":{"connectionName":"shared_sharepointonline","operationId":"GetItem","apiId":"/providers/Microsoft.PowerApps/apis/shared_sharepointonline"},"parameters":{"dataset":"https://gov210645.sharepoint.com/sites/TeamsCreationAppDemo","table":"5e5576e7-b94b-469f-a1f5-afaf843225de","id":"@outputs('Update_item_-_Update_Status_to_Approved')?['body/ID']"},"authentication":"@parameters('$authentication')"}}},"runAfter":{},"metadata":{"operationMetadataId":"b1d0c4ae-e84d-4d43-848f-0d21c4659ed9"},"type":"Scope"},"Switch":{"runAfter":{"Scope_-_Updated_to_Approved":["Succeeded"]},"cases":{"Case":{"case":"Communication Site","actions":{"Send_an_HTTP_request_to_SharePoint":{"runAfter":{},"type":"OpenApiConnection","inputs":{"host":{"connectionName":"shared_sharepointonline","operationId":"HttpRequest","apiId":"/providers/Microsoft.PowerApps/apis/shared_sharepointonline"},"parameters":{"dataset":"@variables('TenantURL')","parameters/method":"POST","parameters/uri":"_api/SPSiteManager/create","parameters/headers":{"Accept":"application/json;odata=none"},"parameters/body":"{\n  \"request\": {\n    \"Title\": \"@{outputs('Get_item_-_Pull_Updates_from_List')?['body/TeamName']}\",\n    \"Url\":\"@{variables('SPOCreateSiteURL')}@{outputs('Get_item_-_Pull_Updates_from_List')?['body/ProposedURl']}\",\n    \"Lcid\": 1033,\n    \"ShareByEmailEnabled\":false,\n    \"Description\":\"@{outputs('Get_item_-_Pull_Updates_from_List')?['body/TeamDescription']}\",\n    \"WebTemplate\":\"SITEPAGEPUBLISHING#0\",\n    \"Owner\":\"@{outputs('Get_item_-_Pull_Updates_from_List')?['body/TeamOwner']}\"\n }\n}"},"authentication":"@parameters('$authentication')"}}}},"Case_2":{"case":"Team Site","actions":{"Create_Office_365_group":{"runAfter":{},"type":"OpenApiConnection","inputs":{"host":{"connectionName":"shared_azuread","operationId":"CreateOffice365Group","apiId":"/providers/Microsoft.PowerApps/apis/shared_azuread"},"parameters":{"body/displayName":"@outputs('Get_item_-_Pull_Updates_from_List')?['body/TeamName']","body/description":"@outputs('Get_item_-_Pull_Updates_from_List')?['body/TeamDescription']","body/mailNickname":"@outputs('Get_item_-_Pull_Updates_from_List')?['body/ProposedURl']","body/securityEnabled":true,"body/mailEnabled":true},"authentication":"@parameters('$authentication')"}}}},"Case_3":{"case":"Team Site(No Group)","actions":{"Send_an_HTTP_request_to_SharePoint_2":{"runAfter":{},"type":"OpenApiConnection","inputs":{"host":{"connectionName":"shared_sharepointonline","operationId":"HttpRequest","apiId":"/providers/Microsoft.PowerApps/apis/shared_sharepointonline"},"parameters":{"dataset":"@variables('TenantURL')","parameters/method":"POST","parameters/uri":"_api/SPSiteManager/create","parameters/headers":{"Accept":"application/json;odata=none"},"parameters/body":"  \"request\": {\n    \"Title\": \"@{outputs('Get_item_-_Pull_Updates_from_List')?['body/TeamName']}\",\n    \"Url\":\"@{variables('SPOCreateSiteURL')}@{outputs('Get_item_-_Pull_Updates_from_List')?['body/ProposedURl']}\",\n    \"Lcid\": 1033,\n    \"ShareByEmailEnabled\":false,\n    \"Description\":\"@{outputs('Get_item_-_Pull_Updates_from_List')?['body/TeamDescription']}\",\n    \"WebTemplate\":\"STS#3\",\n    \"Owner\":\"@{outputs('Get_item_-_Pull_Updates_from_List')?['body/TeamOwner']}\"\n }\n}"},"authentication":"@parameters('$authentication')"}}}},"Case_4":{"case":"Teams","actions":{"Create_a_team":{"runAfter":{},"type":"OpenApiConnection","inputs":{"host":{"connectionName":"shared_teams","operationId":"CreateATeam","apiId":"/providers/Microsoft.PowerApps/apis/shared_teams"},"parameters":{"body/displayName":"@outputs('Get_item_-_Pull_Updates_from_List')?['body/ProposedURl']","body/description":"@{outputs('Get_item_-_Pull_Updates_from_List')?['body/Classification']}-@{outputs('Get_item_-_Pull_Updates_from_List')?['body/TeamDescription']}","body/visibility":"@outputs('Get_item_-_Pull_Updates_from_List')?['body/Visibility']"},"authentication":"@parameters('$authentication')"}},"Get_user_profile_(V2)":{"runAfter":{"Create_a_team":["Succeeded"]},"type":"OpenApiConnection","inputs":{"host":{"connectionName":"shared_office365users","operationId":"UserProfile_V2","apiId":"/providers/Microsoft.PowerApps/apis/shared_office365users"},"parameters":{"id":"@outputs('Get_item_-_Pull_Updates_from_List')?['body/TeamOwner']"},"authentication":"@parameters('$authentication')"}},"Add_a_member_to_a_team":{"runAfter":{"Get_user_profile_(V2)":["Succeeded"]},"type":"OpenApiConnection","inputs":{"host":{"connectionName":"shared_teams","operationId":"AddMemberToTeam","apiId":"/providers/Microsoft.PowerApps/apis/shared_teams"},"parameters":{"teamId":"@outputs('Create_a_team')?['body/newTeamId']","body/userId":"@outputs('Get_user_profile_(V2)')?['body/userPrincipalName']","body/owner":true},"authentication":"@parameters('$authentication')"}}}}},"default":{"actions":{}},"expression":"@outputs('Get_item_-_Pull_Updates_from_List')?['body/Type_x0020_of_x0020_Teams']","metadata":{"operationMetadataId":"fdd33890-9f22-44ad-9aa9-f77d4a8eac1f"},"type":"Switch"}},"runAfter":{"Scope_-_Approval_Step":["Succeeded"]},"else":{"actions":{"Send_an_email_(V2)":{"runAfter":{},"metadata":{"operationMetadataId":"f3901c55-d8cd-4bc7-80c2-3389e6745c52"},"type":"OpenApiConnection","inputs":{"host":{"connectionName":"shared_office365","operationId":"SendEmailV2","apiId":"/providers/Microsoft.PowerApps/apis/shared_office365"},"parameters":{"emailMessage/To":"@outputs('Get_item')?['body/Author/Email']","emailMessage/Subject":"Reject","emailMessage/Body":"<p>Request Reject</p>"},"authentication":"@parameters('$authentication')"}},"Update_item":{"runAfter":{"Send_an_email_(V2)":["Succeeded"]},"metadata":{"operationMetadataId":"abeff8d9-b894-4d5f-ae8b-cab9f0b62fc0"},"type":"OpenApiConnection","inputs":{"host":{"connectionName":"shared_sharepointonline","operationId":"PatchItem","apiId":"/providers/Microsoft.PowerApps/apis/shared_sharepointonline"},"parameters":{"dataset":"@parameters('SPO Site for Data (cr3f6_SPOSiteforData)')","table":"@parameters('SPO List Name (cr3f6_SPOListName)')","id":"@outputs('Get_item')?['body/ID']","item/RequestStatus":"Rejected","item/Comments":"@variables('Comments')"},"authentication":"@parameters('$authentication')"}}}},"expression":{"equals":["@outputs('Start_and_wait_for_an_approval')?['body/outcome']","Approve"]},"metadata":{"operationMetadataId":"24e5c24a-16e9-4131-a4d6-18d634f04663"},"type":"If"},"Initialize_variable_-_TenantURL":{"runAfter":{"Initialize_variable_-_Comments":["Succeeded"]},"metadata":{"operationMetadataId":"8cfede37-fd08-4a2d-87cd-1faf2e1a0940"},"type":"InitializeVariable","inputs":{"variables":[{"name":"TenantURL","type":"string","value":"@parameters('SPO_TenantInformation (cr3f6_SPO_TenantInformation)')"}]}},"Update_item_-_Completed":{"runAfter":{"Condition":["Succeeded"]},"metadata":{"operationMetadataId":"e0247e1c-6d31-4cd7-931a-6c983a5c2bb8"},"type":"OpenApiConnection","inputs":{"host":{"connectionName":"shared_sharepointonline","operationId":"PatchItem","apiId":"/providers/Microsoft.PowerApps/apis/shared_sharepointonline"},"parameters":{"dataset":"@parameters('SPO Site for Data (cr3f6_SPOSiteforData)')","table":"@parameters('SPO List Name (cr3f6_SPOListName)')","id":"@outputs('Get_item_-_Pull_Updates_from_List')?['body/ID']","item/Title":"@outputs('Get_item_-_Pull_Updates_from_List')?['body/Title']","item/RequestStatus":"Completed","item/GroupLookup/Claims":"@outputs('Update_item_-_Update_Status_to_Approved')?['body/GroupLookup/Claims']"},"authentication":"@parameters('$authentication')"}},"Initialize_variable_-_SPOCreateSiteURL":{"runAfter":{"Initialize_variable_-_TenantURL":["Succeeded"]},"metadata":{"operationMetadataId":"7a46a127-7071-478d-8f98-d58b3d14b98b"},"type":"InitializeVariable","inputs":{"variables":[{"name":"SPOCreateSiteURL","type":"string","value":"@{parameters('SPO_TenantInformation (cr3f6_SPO_TenantInformation)')}/Sites/"}]}}}}},"schemaVersion":"1.0.0.0"}