{"properties":{"connectionReferences":{"shared_sharepointonline":{"runtimeSource":"invoker","connection":{"connectionReferenceLogicalName":"cr3f6_SharePoint"},"api":{"name":"shared_sharepointonline"}}},"definition":{"$schema":"https://schema.management.azure.com/providers/Microsoft.Logic/schemas/2016-06-01/workflowdefinition.json#","contentVersion":"1.0.0.0","parameters":{"$connections":{"defaultValue":{},"type":"Object"},"$authentication":{"defaultValue":{},"type":"SecureObject"},"SPO_TenantInformation (cr3f6_SPO_TenantInformation)":{"defaultValue":"https://gov210645.sharepoint.com/","type":"String","metadata":{"schemaName":"cr3f6_SPO_TenantInformation","description":"TenantInformation"}}},"triggers":{"manual":{"metadata":{"operationMetadataId":"8b9eeba6-8f64-4eaa-86f3-9a1d278c1de5"},"type":"Request","kind":"PowerApp","inputs":{"schema":{"type":"object","properties":{"Initializevariable2_Value":{"type":"string","description":"Enter initial value","x-ms-powerflows-param-ispartial":false}},"required":["Initializevariable2_Value"]}}}},"actions":{"Initialize_variable":{"runAfter":{},"metadata":{"operationMetadataId":"27c604d2-d537-45d9-baeb-b47c0b43a152"},"type":"InitializeVariable","inputs":{"variables":[{"name":"TenantUrl","type":"string","value":"@parameters('SPO_TenantInformation (cr3f6_SPO_TenantInformation)')"}]}},"Initialize_variable_2":{"runAfter":{"Initialize_variable":["Succeeded"]},"metadata":{"operationMetadataId":"41d72e5a-0ecd-4e6c-8273-44b4ebf23e3d"},"type":"InitializeVariable","inputs":{"variables":[{"name":"SiteURL","type":"string","value":"@triggerBody()['Initializevariable2_Value']"}]}},"Initialize_variable_3":{"runAfter":{"Initialize_variable_2":["Succeeded"]},"metadata":{"operationMetadataId":"1949fa75-88c8-4559-9e4a-2bcfc40abd13"},"type":"InitializeVariable","inputs":{"variables":[{"name":"URLExist","type":"string"}]}},"Scope":{"actions":{"Send_an_HTTP_request_to_SharePoint":{"runAfter":{},"metadata":{"operationMetadataId":"c2c3a177-56df-43ae-9780-81aae0180202"},"type":"OpenApiConnection","inputs":{"host":{"connectionName":"shared_sharepointonline","operationId":"HttpRequest","apiId":"/providers/Microsoft.PowerApps/apis/shared_sharepointonline"},"parameters":{"dataset":"@parameters('SPO_TenantInformation (cr3f6_SPO_TenantInformation)')","parameters/method":"GET","parameters/uri":"_api/web/url","parameters/headers":{"Accept":"application/json;oData=verbose","Content-Type":"application/json;oData=verbose"}},"authentication":{"type":"Raw","value":"@json(decodeBase64(triggerOutputs().headers['X-MS-APIM-Tokens']))['$ConnectionKey']"}}},"Parse_JSON":{"runAfter":{"Send_an_HTTP_request_to_SharePoint":["Succeeded","Failed"]},"metadata":{"operationMetadataId":"26cb1836-8d2d-4f80-b356-be09b78bcee0"},"type":"ParseJson","inputs":{"content":"@body('Send_an_HTTP_request_to_SharePoint')","schema":{"type":"object","properties":{"status":{"type":"integer"},"message":{"type":"string"},"source":{"type":"string"},"errors":{"type":"array"}}}}},"Condition":{"actions":{"Set_variable":{"runAfter":{},"metadata":{"operationMetadataId":"77154e60-3745-403b-b210-dd7ec268fa67"},"type":"SetVariable","inputs":{"name":"URLExist","value":"OpenURL"}}},"runAfter":{"Parse_JSON":["Succeeded"]},"else":{"actions":{"Set_variable_2":{"runAfter":{},"metadata":{"operationMetadataId":"8060b4c9-6ab0-4243-8c66-88476bf08646"},"type":"SetVariable","inputs":{"name":"URLExist","value":"UsedURL"}}}},"expression":{"equals":["@body('Parse_JSON')?['status']",404]},"metadata":{"operationMetadataId":"8c953c93-7dcb-4e44-958c-ecc5fd777bdb"},"type":"If"}},"runAfter":{"Initialize_variable_3":["Succeeded"]},"metadata":{"operationMetadataId":"5ab75a26-e8ea-4de4-8762-d0185142a77f"},"type":"Scope"},"Respond_to_a_PowerApp_or_flow":{"runAfter":{"Scope":["Succeeded"]},"metadata":{"operationMetadataId":"a1335a0e-6273-47b7-8d29-7f0c3292b7e4"},"type":"Response","kind":"PowerApp","inputs":{"statusCode":200,"body":{"urlexist":"@variables('URLExist')"},"schema":{"type":"object","properties":{"urlexist":{"title":"UrlExist","x-ms-dynamically-added":true,"type":"string"}}}}}},"outputs":{}}},"schemaVersion":"1.0.0.0"}