{"properties":{"connectionReferences":{"shared_sharepointonline":{"runtimeSource":"invoker","connection":{"connectionReferenceLogicalName":"cr3f6_SharePoint"},"api":{"name":"shared_sharepointonline"}}},"definition":{"$schema":"https://schema.management.azure.com/providers/Microsoft.Logic/schemas/2016-06-01/workflowdefinition.json#","contentVersion":"1.0.0.0","parameters":{"$connections":{"defaultValue":{},"type":"Object"},"$authentication":{"defaultValue":{},"type":"SecureObject"},"SPO Site for Data (cr3f6_SPOSiteforData)":{"defaultValue":"https://gov210645.sharepoint.com/sites/TeamsCreationAppDemo","type":"String","metadata":{"schemaName":"cr3f6_SPOSiteforData","description":"SPO Site for Data"}}},"triggers":{"manual":{"metadata":{"operationMetadataId":"8a4fb6f0-1828-4d4c-b1bc-f23b31f0017c"},"type":"Request","kind":"Button","inputs":{"schema":{"type":"object","properties":{},"required":[]}}}},"actions":{"Parse_JSON":{"runAfter":{"Compose":["Succeeded"]},"metadata":{"operationMetadataId":"2849094c-5518-4580-a4cd-3289f2486d63"},"type":"ParseJson","inputs":{"content":"@outputs('Compose')?['d']?['GetSiteScriptFromList']","schema":{"type":"object","properties":{"d":{"type":"object","properties":{"GetSiteScriptFromList":{"type":"string"}}}}}}},"Send_an_HTTP_request_to_SharePoint_2":{"runAfter":{"Parse_JSON":["Succeeded"]},"metadata":{"operationMetadataId":"248850f8-e954-4df6-b579-4d4213dffe7c"},"type":"OpenApiConnection","inputs":{"host":{"connectionName":"shared_sharepointonline","operationId":"HttpRequest","apiId":"/providers/Microsoft.PowerApps/apis/shared_sharepointonline"},"parameters":{"dataset":"@parameters('SPO Site for Data (cr3f6_SPOSiteforData)')","parameters/method":"POST","parameters/uri":"_api/Microsoft.Sharepoint.Utilities.WebTemplateExtensions.SiteScriptUtility.ExecuteTemplateScript()","parameters/headers":{"accept":"application/json;odata=verbose","content-type":"application/json;odata=verbose"},"parameters/body":"{\"script\": \"{\\\"actions\\\":@{replace(replace(string(body('Parse_JSON')?['actions']),'\\','\\\\'),'\"','\\\"')}}\"}"},"authentication":{"type":"Raw","value":"@json(decodeBase64(triggerOutputs().headers['X-MS-APIM-Tokens']))['$ConnectionKey']"}}},"Compose":{"runAfter":{},"metadata":{"operationMetadataId":"82b06f41-549c-47b3-a38e-8173f5184dfc"},"type":"Compose","inputs":{"d":{"GetSiteScriptFromList":"{\r\n  \"$schema\": \"https://developer.microsoft.com/json-schemas/sp/site-design-script-actions.schema.json\",\r\n  \"actions\": [\r\n    {\r\n      \"verb\": \"createSPList\",\r\n      \"listName\": \"Office365ManagementApp\",\r\n      \"templateType\": 100,\r\n      \"color\": \"7\",\r\n      \"icon\": \"2\",\r\n      \"subactions\": [\r\n        {\r\n          \"verb\": \"addSPFieldXml\",\r\n          \"schemaXml\": \"<Field ID=\\\"{fa564e0f-0c70-4ab9-b863-0177e6ddd247}\\\" Type=\\\"Text\\\" Name=\\\"Title\\\" DisplayName=\\\"Title\\\" Required=\\\"FALSE\\\" SourceID=\\\"http://schemas.microsoft.com/sharepoint/v3\\\" StaticName=\\\"Title\\\" FromBaseType=\\\"TRUE\\\" MaxLength=\\\"255\\\" />\"\r\n        },\r\n        {\r\n          \"verb\": \"addSPFieldXml\",\r\n          \"schemaXml\": \"<Field Type=\\\"Text\\\" DisplayName=\\\"RequestStatus\\\" Name=\\\"RequestStatus\\\" ID=\\\"{d34bf922-ca60-4fbb-a19e-42810cfab720}\\\" StaticName=\\\"RequestStatus\\\" CustomFormatter=\\\"{&quot;elmType&quot;:&quot;div&quot;,&quot;style&quot;:{&quot;box-sizing&quot;:&quot;border-box&quot;,&quot;padding&quot;:&quot;0 2px&quot;},&quot;attributes&quot;:{&quot;class&quot;:{&quot;operator&quot;:&quot;:&quot;,&quot;operands&quot;:[{&quot;operator&quot;:&quot;==&quot;,&quot;operands&quot;:[&quot;[$RequestStatus]&quot;,&quot;Approval Started&quot;]},&quot;sp-css-backgroundColor-BgCyan sp-css-borderColor-CyanFont&quot;,{&quot;operator&quot;:&quot;:&quot;,&quot;operands&quot;:[{&quot;operator&quot;:&quot;==&quot;,&quot;operands&quot;:[&quot;[$RequestStatus]&quot;,&quot;Completed&quot;]},&quot;sp-css-backgroundColor-BgMintGreen&quot;,{&quot;operator&quot;:&quot;:&quot;,&quot;operands&quot;:[{&quot;operator&quot;:&quot;==&quot;,&quot;operands&quot;:[&quot;[$RequestStatus]&quot;,&quot;Teams Created&quot;]},&quot;sp-css-backgroundColor-BgLightPurple sp-css-borderColor-LightPurpleFont&quot;,{&quot;operator&quot;:&quot;:&quot;,&quot;operands&quot;:[{&quot;operator&quot;:&quot;==&quot;,&quot;operands&quot;:[&quot;[$RequestStatus]&quot;,&quot;Reject&quot;]},&quot;sp-css-backgroundColor-BgCoral&quot;,&quot;sp-css-backgroundColor-BgLightGray&quot;]}]}]}]}},&quot;children&quot;:[{&quot;elmType&quot;:&quot;span&quot;,&quot;style&quot;:{&quot;line-height&quot;:&quot;16px&quot;,&quot;height&quot;:&quot;14px&quot;},&quot;attributes&quot;:{&quot;iconName&quot;:{&quot;operator&quot;:&quot;:&quot;,&quot;operands&quot;:[{&quot;operator&quot;:&quot;==&quot;,&quot;operands&quot;:[&quot;[$RequestStatus]&quot;,&quot;Approval Started&quot;]},&quot;&quot;,{&quot;operator&quot;:&quot;:&quot;,&quot;operands&quot;:[{&quot;operator&quot;:&quot;==&quot;,&quot;operands&quot;:[&quot;[$RequestStatus]&quot;,&quot;Completed&quot;]},&quot;&quot;,{&quot;operator&quot;:&quot;:&quot;,&quot;operands&quot;:[{&quot;operator&quot;:&quot;==&quot;,&quot;operands&quot;:[&quot;[$RequestStatus]&quot;,&quot;Teams Created&quot;]},&quot;&quot;,{&quot;operator&quot;:&quot;:&quot;,&quot;operands&quot;:[{&quot;operator&quot;:&quot;==&quot;,&quot;operands&quot;:[&quot;[$RequestStatus]&quot;,&quot;Reject&quot;]},&quot;&quot;,&quot;&quot;]}]}]}]},&quot;class&quot;:{&quot;operator&quot;:&quot;:&quot;,&quot;operands&quot;:[{&quot;operator&quot;:&quot;==&quot;,&quot;operands&quot;:[&quot;[$RequestStatus]&quot;,&quot;Approval Started&quot;]},&quot;sp-css-color-CyanFont&quot;,{&quot;operator&quot;:&quot;:&quot;,&quot;operands&quot;:[{&quot;operator&quot;:&quot;==&quot;,&quot;operands&quot;:[&quot;[$RequestStatus]&quot;,&quot;Completed&quot;]},&quot;&quot;,{&quot;operator&quot;:&quot;:&quot;,&quot;operands&quot;:[{&quot;operator&quot;:&quot;==&quot;,&quot;operands&quot;:[&quot;[$RequestStatus]&quot;,&quot;Teams Created&quot;]},&quot;sp-css-color-LightPurpleFont&quot;,{&quot;operator&quot;:&quot;:&quot;,&quot;operands&quot;:[{&quot;operator&quot;:&quot;==&quot;,&quot;operands&quot;:[&quot;[$RequestStatus]&quot;,&quot;Reject&quot;]},&quot;&quot;,&quot;&quot;]}]}]}]}}},{&quot;elmType&quot;:&quot;span&quot;,&quot;style&quot;:{&quot;overflow&quot;:&quot;hidden&quot;,&quot;text-overflow&quot;:&quot;ellipsis&quot;,&quot;padding&quot;:&quot;0 3px&quot;},&quot;txtContent&quot;:&quot;[$RequestStatus]&quot;,&quot;attributes&quot;:{&quot;class&quot;:{&quot;operator&quot;:&quot;:&quot;,&quot;operands&quot;:[{&quot;operator&quot;:&quot;==&quot;,&quot;operands&quot;:[&quot;[$RequestStatus]&quot;,&quot;Approval Started&quot;]},&quot;sp-css-color-CyanFont&quot;,{&quot;operator&quot;:&quot;:&quot;,&quot;operands&quot;:[{&quot;operator&quot;:&quot;==&quot;,&quot;operands&quot;:[&quot;[$RequestStatus]&quot;,&quot;Completed&quot;]},&quot;sp-css-color-MintGreenFont&quot;,{&quot;operator&quot;:&quot;:&quot;,&quot;operands&quot;:[{&quot;operator&quot;:&quot;==&quot;,&quot;operands&quot;:[&quot;[$RequestStatus]&quot;,&quot;Teams Created&quot;]},&quot;sp-css-color-LightPurpleFont&quot;,{&quot;operator&quot;:&quot;:&quot;,&quot;operands&quot;:[{&quot;operator&quot;:&quot;==&quot;,&quot;operands&quot;:[&quot;[$RequestStatus]&quot;,&quot;Reject&quot;]},&quot;sp-css-color-CoralFont&quot;,&quot;sp-css-color-LightGrayFont&quot;]}]}]}]}}}],&quot;templateId&quot;:&quot;ConditionalColumn&quot;}\\\" />\"\r\n        },\r\n        {\r\n          \"verb\": \"addSPFieldXml\",\r\n          \"schemaXml\": \"<Field ClientSideComponentId=\\\"00000000-0000-0000-0000-000000000000\\\" DisplayName=\\\"Name\\\" Format=\\\"Dropdown\\\" MaxLength=\\\"255\\\" Name=\\\"TeamName\\\" Title=\\\"Name\\\" Type=\\\"Text\\\" ID=\\\"{aa1ed2c9-9646-4634-bafa-a8d7e5cf87bc}\\\" StaticName=\\\"TeamName\\\" />\"\r\n        },\r\n        {\r\n          \"verb\": \"addSPFieldXml\",\r\n          \"schemaXml\": \"<Field AppendOnly=\\\"FALSE\\\" ClientSideComponentId=\\\"00000000-0000-0000-0000-000000000000\\\" DisplayName=\\\"Description\\\" Format=\\\"Dropdown\\\" IsolateStyles=\\\"FALSE\\\" Name=\\\"TeamDescription\\\" RichText=\\\"FALSE\\\" RichTextMode=\\\"Compatible\\\" Title=\\\"Description\\\" Type=\\\"Note\\\" ID=\\\"{04945dda-0133-497c-9dce-7d5d649557a3}\\\" StaticName=\\\"TeamDescription\\\" />\"\r\n        },\r\n        {\r\n          \"verb\": \"addSPFieldXml\",\r\n          \"schemaXml\": \"<Field DisplayName=\\\"BusinessJustification\\\" Name=\\\"BusinessJustification\\\" StaticName=\\\"BusinessJustification\\\" Type=\\\"Note\\\" ID=\\\"{e3e0548a-8484-4f44-a66b-14681006b22f}\\\" />\"\r\n        },\r\n        {\r\n          \"verb\": \"addSPFieldXml\",\r\n          \"schemaXml\": \"<Field ClientSideComponentId=\\\"00000000-0000-0000-0000-000000000000\\\" DisplayName=\\\"Type of Office365\\\" Format=\\\"Dropdown\\\" MaxLength=\\\"255\\\" Name=\\\"Type_x0020_of_x0020_Teams\\\" Title=\\\"Type of Office365\\\" Type=\\\"Text\\\" ID=\\\"{9a464e38-62f3-4c42-b962-24498f1e57e8}\\\" StaticName=\\\"Type_x0020_of_x0020_Teams\\\" />\"\r\n        },\r\n        {\r\n          \"verb\": \"addSPFieldXml\",\r\n          \"schemaXml\": \"<Field Type=\\\"Text\\\" DisplayName=\\\"Classification\\\" Name=\\\"Classification\\\" ID=\\\"{7d8212c4-2a8c-41e0-a983-6ccd4dbd0baf}\\\" StaticName=\\\"Classification\\\" />\"\r\n        },\r\n        {\r\n          \"verb\": \"addSPFieldXml\",\r\n          \"schemaXml\": \"<Field Type=\\\"Text\\\" DisplayName=\\\"Visibility\\\" Name=\\\"Visibility\\\" ID=\\\"{5018fd2c-1e92-4a98-851b-51c505519c09}\\\" StaticName=\\\"Visibility\\\" />\"\r\n        },\r\n        {\r\n          \"verb\": \"addSPFieldXml\",\r\n          \"schemaXml\": \"<Field Type=\\\"Text\\\" DisplayName=\\\"Agency\\\" Name=\\\"Agency\\\" ID=\\\"{d79a037c-24fa-42bb-a7f0-dfe040435e8a}\\\" StaticName=\\\"Agency\\\" />\"\r\n        },\r\n        {\r\n          \"verb\": \"addSPFieldXml\",\r\n          \"schemaXml\": \"<Field Type=\\\"Text\\\" DisplayName=\\\"Division\\\" Name=\\\"Division\\\" ID=\\\"{5bfd441a-5cab-4719-95b9-e8ba44fde73b}\\\" StaticName=\\\"Division\\\" />\"\r\n        },\r\n        {\r\n          \"verb\": \"addSPFieldXml\",\r\n          \"schemaXml\": \"<Field Type=\\\"Text\\\" DisplayName=\\\"BusinessUnit\\\" Name=\\\"BusinessUnit\\\" ID=\\\"{ddaafd1f-bbf6-4c49-8eb3-656d2a04a7ea}\\\" StaticName=\\\"BusinessUnit\\\" />\"\r\n        },\r\n        {\r\n          \"verb\": \"addSPFieldXml\",\r\n          \"schemaXml\": \"<Field AppendOnly=\\\"FALSE\\\" ClientSideComponentId=\\\"00000000-0000-0000-0000-000000000000\\\" DisplayName=\\\"Owner\\\" Format=\\\"Dropdown\\\" IsolateStyles=\\\"FALSE\\\" Name=\\\"TeamOwner\\\" RichText=\\\"FALSE\\\" RichTextMode=\\\"Compatible\\\" Title=\\\"Owner\\\" Type=\\\"Note\\\" ID=\\\"{e7a337e3-a590-4117-aa55-a0091c3d849a}\\\" StaticName=\\\"TeamOwner\\\" />\"\r\n        },\r\n        {\r\n          \"verb\": \"addSPFieldXml\",\r\n          \"schemaXml\": \"<Field Type=\\\"Text\\\" DisplayName=\\\"Approvers\\\" Name=\\\"Approvers\\\" ID=\\\"{559d18c2-8cb3-43fa-988a-1c2b41a10878}\\\" StaticName=\\\"Approvers\\\" />\"\r\n        },\r\n        {\r\n          \"verb\": \"addSPFieldXml\",\r\n          \"schemaXml\": \"<Field Type=\\\"Text\\\" DisplayName=\\\"ProposedURl\\\" Name=\\\"ProposedURl\\\" ID=\\\"{99d58cd4-5e2e-4db1-a2c4-7d0fca07a5c2}\\\" StaticName=\\\"ProposedURl\\\" />\"\r\n        },\r\n        {\r\n          \"verb\": \"addSPFieldXml\",\r\n          \"schemaXml\": \"<Field Type=\\\"Text\\\" DisplayName=\\\"HIPPACheckBox\\\" Name=\\\"HIPPACheckBox\\\" ID=\\\"{0d887aa0-0b5a-47ab-8f4d-710df67e9bb2}\\\" StaticName=\\\"HIPPACheckBox\\\" />\"\r\n        },\r\n        {\r\n          \"verb\": \"addSPFieldXml\",\r\n          \"schemaXml\": \"<Field Type=\\\"Text\\\" DisplayName=\\\"InfoCheckBox\\\" Name=\\\"InfoCheckBox\\\" ID=\\\"{74e46de7-ebb7-446b-b0e0-5acf7c485755}\\\" StaticName=\\\"InfoCheckBox\\\" />\"\r\n        },\r\n        {\r\n          \"verb\": \"addSPFieldXml\",\r\n          \"schemaXml\": \"<Field Type=\\\"Text\\\" DisplayName=\\\"Training\\\" Name=\\\"Training\\\" ID=\\\"{a981d9d2-49e3-43eb-a28d-7a6ed152f50c}\\\" StaticName=\\\"Training\\\" />\"\r\n        },\r\n        {\r\n          \"verb\": \"addSPFieldXml\",\r\n          \"schemaXml\": \"<Field DisplayName=\\\"GroupLookup\\\" Format=\\\"Dropdown\\\" IsModern=\\\"TRUE\\\" List=\\\"UserInfo\\\" Name=\\\"GroupLookup\\\" Title=\\\"GroupLookup\\\" Type=\\\"User\\\" UserSelectionMode=\\\"1\\\" UserSelectionScope=\\\"0\\\" ID=\\\"{a5fa84e5-e5a6-45ae-9e50-1dcf85acfd0e}\\\" StaticName=\\\"GroupLookup\\\" />\"\r\n        },\r\n        {\r\n          \"verb\": \"addSPFieldXml\",\r\n          \"schemaXml\": \"<Field AppendOnly=\\\"TRUE\\\" DisplayName=\\\"Comments\\\" Format=\\\"Dropdown\\\" IsModern=\\\"TRUE\\\" IsolateStyles=\\\"FALSE\\\" Name=\\\"Comments\\\" RichText=\\\"FALSE\\\" RichTextMode=\\\"Compatible\\\" Title=\\\"Comments\\\" Type=\\\"Note\\\" ID=\\\"{1999b083-e62d-4aae-9733-f71b4c1105e4}\\\" StaticName=\\\"Comments\\\" />\"\r\n        },\r\n        {\r\n          \"verb\": \"addContentType\",\r\n          \"name\": \"Item\",\r\n          \"id\": \"0x01\",\r\n          \"fieldRefsXml\": [\r\n            \"<FieldRef ID=\\\"{fa564e0f-0c70-4ab9-b863-0177e6ddd247}\\\" Name=\\\"Title\\\" />\",\r\n            \"<FieldRef ID=\\\"{a5fa84e5-e5a6-45ae-9e50-1dcf85acfd0e}\\\" Name=\\\"GroupLookup\\\" />\",\r\n            \"<FieldRef ID=\\\"{1999b083-e62d-4aae-9733-f71b4c1105e4}\\\" Name=\\\"Comments\\\" />\"\r\n          ]\r\n        },\r\n        {\r\n          \"verb\": \"addContentType\",\r\n          \"name\": \"Folder\",\r\n          \"id\": \"0x0120\"\r\n        },\r\n        {\r\n          \"verb\": \"addSPView\",\r\n          \"name\": \"All Items\",\r\n          \"viewFields\": [\r\n            \"LinkTitle\",\r\n            \"RequestStatus\",\r\n            \"TeamName\",\r\n            \"TeamDescription\",\r\n            \"BusinessJustification\",\r\n            \"Type_x0020_of_x0020_Teams\",\r\n            \"Classification\",\r\n            \"Visibility\",\r\n            \"Agency\",\r\n            \"Division\",\r\n            \"BusinessUnit\",\r\n            \"TeamOwner\",\r\n            \"Approvers\",\r\n            \"ProposedURl\",\r\n            \"HIPPACheckBox\",\r\n            \"InfoCheckBox\",\r\n            \"Training\",\r\n            \"GroupLookup\",\r\n            \"Comments\"\r\n          ],\r\n          \"query\": \"\",\r\n          \"rowLimit\": 30,\r\n          \"isPaged\": true,\r\n          \"makeDefault\": true,\r\n          \"formatterJSON\": \"{\\\"tileProps\\\":{\\\"height\\\":246,\\\"width\\\":254,\\\"hideSelection\\\":false,\\\"fillHorizontally\\\":true,\\\"formatter\\\":{\\\"elmType\\\":\\\"div\\\",\\\"attributes\\\":{\\\"class\\\":\\\"sp-card-container\\\"},\\\"children\\\":[{\\\"elmType\\\":\\\"button\\\",\\\"attributes\\\":{\\\"class\\\":\\\"sp-card-defaultClickButton\\\",\\\"role\\\":\\\"presentation\\\"},\\\"customRowAction\\\":{\\\"action\\\":\\\"defaultClick\\\"}},{\\\"elmType\\\":\\\"div\\\",\\\"attributes\\\":{\\\"class\\\":\\\"ms-bgColor-white sp-css-borderColor-neutralLight sp-card-borderHighlight sp-card-subContainer\\\"},\\\"children\\\":[{\\\"elmType\\\":\\\"div\\\",\\\"attributes\\\":{\\\"class\\\":\\\"sp-card-previewColumnContainer\\\"},\\\"children\\\":[{\\\"elmType\\\":\\\"p\\\",\\\"attributes\\\":{\\\"class\\\":\\\"ms-fontColor-neutralSecondary sp-card-label\\\"},\\\"txtContent\\\":\\\"[!GroupLookup.DisplayName]\\\"},{\\\"elmType\\\":\\\"div\\\",\\\"style\\\":{\\\"display\\\":\\\"flex\\\"},\\\"children\\\":[{\\\"elmType\\\":\\\"p\\\",\\\"attributes\\\":{\\\"class\\\":\\\"sp-card-userEmptyText\\\"},\\\"txtContent\\\":\\\"=if(length([$GroupLookup]) == 0, '–', '')\\\"},{\\\"forEach\\\":\\\"personIterator in [$GroupLookup]\\\",\\\"elmType\\\":\\\"a\\\",\\\"attributes\\\":{\\\"class\\\":\\\"=if(loopIndex('personIterator') >= 5, 'sp-card-userContainer', 'sp-card-userContainer sp-card-keyboard-focusable')\\\"},\\\"style\\\":{\\\"display\\\":\\\"=if(loopIndex('personIterator') >= 5, 'none', '')\\\"},\\\"children\\\":[{\\\"elmType\\\":\\\"img\\\",\\\"defaultHoverField\\\":\\\"[$personIterator]\\\",\\\"attributes\\\":{\\\"src\\\":\\\"=getUserImage([$personIterator.email], 'S')\\\",\\\"title\\\":\\\"[$personIterator.title]\\\",\\\"class\\\":\\\"sp-card-userThumbnail\\\"},\\\"style\\\":{\\\"display\\\":\\\"=if(length([$GroupLookup]) > 5 && loopIndex('personIterator') >= 4, 'none', '')\\\"}},{\\\"elmType\\\":\\\"div\\\",\\\"attributes\\\":{\\\"class\\\":\\\"ms-bgColor-neutralLight ms-fontColor-neutralSecondary sp-card-userOthers\\\"},\\\"style\\\":{\\\"display\\\":\\\"=if(length([$GroupLookup]) > 5 && loopIndex('personIterator') == 4, '', 'none')\\\"},\\\"customCardProps\\\":{\\\"formatter\\\":{\\\"elmType\\\":\\\"div\\\",\\\"attributes\\\":{\\\"class\\\":\\\"sp-card-personCallout\\\"},\\\"children\\\":[{\\\"forEach\\\":\\\"personIterator in [$GroupLookup]\\\",\\\"elmType\\\":\\\"div\\\",\\\"attributes\\\":{\\\"class\\\":\\\"sp-card-userContainer sp-card-userCustomCard\\\"},\\\"style\\\":{\\\"display\\\":\\\"=if(loopIndex('personIterator') < 4, 'none', '')\\\"},\\\"children\\\":[{\\\"elmType\\\":\\\"img\\\",\\\"defaultHoverField\\\":\\\"[$personIterator]\\\",\\\"attributes\\\":{\\\"src\\\":\\\"=getUserImage([$personIterator.email], 'S')\\\",\\\"title\\\":\\\"[$personIterator.title]\\\",\\\"class\\\":\\\"sp-card-userThumbnail\\\"}}]}]},\\\"openOnEvent\\\":\\\"hover\\\"},\\\"children\\\":[{\\\"elmType\\\":\\\"span\\\",\\\"txtContent\\\":\\\"='+' + toString(length([$GroupLookup]) - (4))\\\"}]}]},{\\\"elmType\\\":\\\"div\\\",\\\"attributes\\\":{\\\"class\\\":\\\"sp-card-userTitle\\\"},\\\"style\\\":{\\\"display\\\":\\\"=if(length([$GroupLookup]) == 1, '', 'none')\\\"},\\\"defaultHoverField\\\":\\\"[$personIterator]\\\",\\\"txtContent\\\":\\\"[$GroupLookup.title]\\\"}]}]},{\\\"elmType\\\":\\\"div\\\",\\\"attributes\\\":{\\\"class\\\":\\\"sp-card-displayColumnContainer\\\"},\\\"children\\\":[{\\\"elmType\\\":\\\"p\\\",\\\"attributes\\\":{\\\"class\\\":\\\"ms-fontColor-neutralSecondary sp-card-label\\\"},\\\"txtContent\\\":\\\"[!Title.DisplayName]\\\"},{\\\"elmType\\\":\\\"p\\\",\\\"attributes\\\":{\\\"title\\\":\\\"[$Title]\\\",\\\"class\\\":\\\"ms-fontColor-neutralPrimary sp-card-content sp-card-highlightedContent\\\"},\\\"txtContent\\\":\\\"=if ([$Title] == '', '–', [$Title])\\\"}]},{\\\"elmType\\\":\\\"div\\\",\\\"attributes\\\":{\\\"class\\\":\\\"sp-card-displayColumnContainer\\\"},\\\"children\\\":[{\\\"elmType\\\":\\\"p\\\",\\\"attributes\\\":{\\\"class\\\":\\\"ms-fontColor-neutralSecondary sp-card-label\\\"},\\\"txtContent\\\":\\\"[!RequestStatus.DisplayName]\\\"},{\\\"elmType\\\":\\\"p\\\",\\\"attributes\\\":{\\\"title\\\":\\\"[$RequestStatus]\\\",\\\"class\\\":\\\"ms-fontColor-neutralPrimary sp-card-content \\\"},\\\"txtContent\\\":\\\"=if ([$RequestStatus] == '', '–', [$RequestStatus])\\\"}]},{\\\"elmType\\\":\\\"div\\\",\\\"attributes\\\":{\\\"class\\\":\\\"sp-card-lastTextColumnContainer\\\"},\\\"children\\\":[{\\\"elmType\\\":\\\"p\\\",\\\"attributes\\\":{\\\"class\\\":\\\"ms-fontColor-neutralSecondary sp-card-label\\\"},\\\"txtContent\\\":\\\"[!TeamName.DisplayName]\\\"},{\\\"elmType\\\":\\\"p\\\",\\\"attributes\\\":{\\\"title\\\":\\\"[$TeamName]\\\",\\\"class\\\":\\\"ms-fontColor-neutralPrimary sp-card-content \\\"},\\\"txtContent\\\":\\\"=if ([$TeamName] == '', '–', [$TeamName])\\\"}]}]}],\\\"templateId\\\":\\\"TileDesigner100\\\"},\\\"designerConfig\\\":[1,1,\\\"GroupLookup\\\",0,\\\"LinkTitle\\\",0,\\\"RequestStatus\\\",0,\\\"TeamName\\\"]}}\",\r\n          \"replaceViewFields\": true\r\n        }\r\n      ]\r\n    }\r\n  ]\r\n}"}}}}}},"schemaVersion":"1.0.0.0"}