<environmentvariabledefinition schemaname="cr3f6_SPOListName">
  <description default="SPO List Name">
    <label description="SPO List Name" languagecode="1033" />
  </description>
  <displayname default="SPO List Name">
    <label description="SPO List Name" languagecode="1033" />
  </displayname>
  <introducedversion>1.0.0.0</introducedversion>
  <iscustomizable>1</iscustomizable>
  <isrequired>0</isrequired>
  <secretstore>0</secretstore>
  <type>100000000</type>
</environmentvariabledefinition>